DRS_id,DRS,Janeiro Notificados,Janeiro Confirmados,Fevereiro Notificados,Fevereiro Confirmados,Março Notificados,Março Confirmados,Abril Notificados,Abril Confirmados,Maio Notificados,Maio Confirmados,Junho Notificados,Junho Confirmados,Julho Notificados,Julho Confirmados,Agosto Notificados,Agosto Confirmados,Setembro Notificados,Setembro Confirmados,Outubro Notificados,Outubro Confirmados,Novembro Notificados,Novembro Confirmados,Dezembro Notificados,Dezembro Confirmados,Total Notificados,Total Confirmados,id_municipio,nome_municipio
9.0,Marília,664.00,547,991,790,1387,1145,863,689,247,137,21,13,17,4,12,4,28,7,29,7,35,9,29,4,4323,3356,350010,Adamantina
15.0,São José do Rio Preto,4.00,3,10,3,9,2,21,7,12,3,8,0,3,0,2,0,3,0,5,0,2,0,6,0,85,18,350020,Adolfo
14.0,São João da Boa Vista,7.00,0,6,1,19,2,27,1,23,1,10,1,4,0,7,2,6,2,5,0,13,1,10,0,137,11,350030,Aguaí
14.0,São João da Boa Vista,0.00,0,4,1,19,2,17,3,19,2,6,0,3,0,4,0,2,0,4,1,5,0,2,1,85,10,350040,Águas da Prata
7.0,Campinas,3.00,0,1,1,4,1,5,0,4,0,0,0,0,0,2,0,1,0,2,0,3,0,0,0,25,2,350050,Águas de Lindóia
6.0,Bauru,0.00,0,1,1,7,0,34,4,37,2,3,1,0,0,0,0,0,0,0,0,1,0,2,0,85,8,350055,Águas de Santa Bárbara
10.0,Piracicaba,0.00,0,2,0,2,0,5,0,3,0,4,0,0,0,2,0,1,0,0,0,1,0,0,0,20,0,350060,Águas de São Pedro
6.0,Bauru,23.00,13,411,208,966,627,1320,1194,660,609,92,82,16,13,5,3,11,2,17,7,17,6,18,11,3556,2775,350070,Agudos
16.0,Sorocaba,2.00,0,0,0,1,0,4,1,2,0,0,0,0,0,1,0,0,0,1,0,0,0,2,0,13,1,350075,Alambari
11.0,Presidente Prudente,396.00,214,208,126,162,87,103,37,52,17,6,1,4,0,3,0,4,0,2,0,6,0,6,0,952,482,350080,Alfredo Marcondes
5.0,Barretos,8.00,1,19,3,77,3,21,0,13,3,2,0,1,0,0,0,5,0,12,0,2,0,0,0,160,10,350090,Altair
13.0,Riberão Preto,2.00,0,6,0,23,6,39,19,24,8,6,2,1,0,2,0,2,0,1,0,4,3,4,3,114,41,350100,Altinópolis
2.0,Araçatuba,1.00,0,0,0,1,0,10,1,1,0,3,1,1,0,1,0,5,3,0,0,1,0,2,0,26,5,350110,Alto Alegre
16.0,Sorocaba,2.00,0,5,0,29,1,34,3,31,7,7,0,4,0,4,0,5,0,9,0,7,0,5,0,142,11,350115,Alumínio
15.0,São José do Rio Preto,50.00,11,47,4,31,1,30,1,24,4,6,1,12,1,8,1,4,0,6,0,7,0,18,1,243,25,350120,Álvares Florence
11.0,Presidente Prudente,788.00,630,882,632,854,551,429,234,172,47,37,8,23,0,20,0,21,0,36,1,29,1,30,2,3321,2106,350130,Álvares Machado
9.0,Marília,4.00,3,32,15,86,27,113,52,78,19,6,4,5,1,0,0,1,0,3,0,1,0,0,0,329,121,350140,Álvaro de Carvalho
9.0,Marília,14.00,2,10,4,67,30,121,81,5,4,0,0,0,0,0,0,0,0,1,0,2,0,0,0,220,121,350150,Alvinlândia
7.0,Campinas,107.00,23,90,22,355,76,615,210,424,145,185,31,108,11,113,6,144,8,141,15,154,7,107,10,2543,564,350160,Americana
3.0,Araraquara,41.00,1,85,24,197,106,233,122,193,62,59,17,35,6,32,4,38,0,61,1,66,0,26,3,1066,346,350170,Américo Brasiliense
15.0,São José do Rio Preto,20.00,0,6,1,15,1,11,1,7,0,5,0,4,1,5,1,5,0,4,0,7,0,6,0,95,5,350180,Américo de Campos
7.0,Campinas,13.00,8,38,12,267,107,561,215,382,153,146,23,41,9,13,6,18,3,5,3,10,3,3,1,1497,543,350190,Amparo
10.0,Piracicaba,6.00,1,6,2,6,0,6,1,6,0,7,0,2,0,3,0,5,1,4,0,0,0,4,2,55,7,350200,Analândia
2.0,Araçatuba,165.00,49,370,133,1255,1061,1121,1111,597,592,146,144,57,21,50,3,53,1,71,4,53,1,42,1,3980,3121,350210,Andradina
16.0,Sorocaba,1.00,0,3,0,6,1,13,1,10,4,0,0,3,1,0,0,0,0,2,0,2,0,1,0,41,7,350220,Angatuba
6.0,Bauru,2.00,0,3,1,34,16,149,70,92,29,10,3,3,0,4,0,2,0,1,0,2,0,4,0,306,119,350230,Anhembi
11.0,Presidente Prudente,16.00,7,66,35,172,79,185,62,83,18,8,1,4,2,3,0,2,0,3,0,2,0,3,0,547,204,350240,Anhumas
17.0,Taubaté,20.00,7,112,52,304,94,271,62,117,34,27,7,7,1,6,0,13,0,11,0,10,1,12,2,910,260,350250,Aparecida
15.0,São José do Rio Preto,2.00,1,10,4,17,10,37,10,6,0,1,0,4,0,2,0,1,0,0,0,3,1,3,0,86,26,350260,Aparecida d'Oeste
16.0,Sorocaba,1.00,0,1,0,3,0,6,0,5,1,1,0,0,0,0,0,1,0,1,0,1,0,0,0,20,1,350270,Apiaí
16.0,Sorocaba,4.00,1,21,4,42,29,76,51,56,28,5,2,5,0,1,0,3,0,2,0,1,0,1,0,217,115,350275,Araçariguama
2.0,Araçatuba,792.00,62,1026,81,1921,188,2011,301,1370,184,661,63,552,24,625,12,562,14,599,25,461,15,388,20,10968,989,350280,Araçatuba
16.0,Sorocaba,10.00,0,13,0,61,6,100,18,102,25,39,8,19,2,12,1,19,0,16,0,17,1,10,0,418,61,350290,Araçoiaba da Serra
8.0,Franca,1.00,0,4,3,3,0,2,0,1,1,0,0,0,0,0,0,0,0,0,0,0,0,0,0,11,4,350300,Aramina
6.0,Bauru,1.00,0,3,0,13,1,88,30,57,39,15,10,1,0,0,0,2,1,1,0,1,0,0,0,182,81,350310,Arandu
17.0,Taubaté,0.00,0,0,0,0,0,0,0,0,0,0,0,0,0,0,0,0,0,0,0,0,0,0,0,0,0,350315,Arapeí
3.0,Araraquara,326.00,13,579,38,897,124,902,224,826,188,392,44,224,20,269,21,273,23,343,26,361,33,214,14,5606,768,350320,Araraquara
10.0,Piracicaba,73.00,6,111,6,212,16,100,6,107,5,19,2,24,2,14,0,39,1,31,0,29,0,22,2,781,46,350330,Araras
9.0,Marília,84.00,79,65,60,42,37,33,28,3,2,1,1,1,0,0,0,1,0,4,2,0,0,0,0,234,209,350335,Arco-Íris
6.0,Bauru,1.00,1,8,3,74,44,261,154,263,101,73,33,1,1,7,5,4,1,8,5,27,16,13,3,740,367,350340,Arealva
17.0,Taubaté,0.00,0,0,0,13,4,5,0,1,0,1,0,1,0,1,0,2,0,1,0,0,0,1,0,26,4,350350,Areias
6.0,Bauru,2.00,1,7,1,14,5,24,12,23,8,5,1,10,5,3,1,0,0,0,0,3,0,0,0,91,34,350360,Areiópolis
15.0,São José do Rio Preto,8.00,1,18,5,44,2,28,7,35,19,31,11,11,3,7,0,1,0,13,0,8,3,26,13,230,64,350370,Ariranha
7.0,Campinas,12.00,0,19,0,60,10,67,7,48,16,16,1,15,3,25,5,11,0,17,0,11,1,12,4,313,47,350380,Artur Nogueira
1.0,São Paulo,9.00,0,10,4,40,13,65,42,34,20,16,8,6,1,3,1,12,0,14,2,15,0,14,2,238,93,350390,Arujá
15.0,São José do Rio Preto,2.00,1,10,1,29,11,7,4,3,1,2,1,2,1,1,0,3,0,2,0,1,0,1,0,63,20,350395,Aspásia
9.0,Marília,140.00,32,200,126,731,506,1574,1517,1295,1059,183,47,104,51,56,36,54,26,55,34,40,31,59,52,4491,3517,350400,Assis
7.0,Campinas,65.00,27,69,35,111,70,173,124,142,87,67,46,31,20,38,23,85,54,106,73,88,52,77,41,1052,652,350410,Atibaia
2.0,Araçatuba,2.00,0,6,1,51,7,19,5,4,1,2,0,2,1,9,1,1,0,2,0,0,0,1,0,99,16,350420,Auriflama
6.0,Bauru,4.00,3,4,1,11,5,7,5,0,0,0,0,0,0,0,0,0,0,0,0,0,0,4,0,30,14,350430,Avaí
2.0,Araçatuba,3.00,2,0,0,2,1,32,25,11,11,3,2,3,3,1,1,1,1,0,0,1,0,1,1,58,47,350440,Avanhandava
6.0,Bauru,8.00,0,15,3,130,53,247,95,260,130,56,23,14,4,8,0,5,0,10,0,9,0,8,2,770,310,350450,Avaré
15.0,São José do Rio Preto,108.00,10,125,17,213,35,226,52,155,68,52,19,44,11,27,3,35,4,55,5,98,4,63,3,1201,231,350460,Bady Bassitt
6.0,Bauru,0.00,0,10,3,127,84,99,62,9,8,0,0,0,0,0,0,2,0,0,0,0,0,0,0,247,157,350470,Balbinos
15.0,São José do Rio Preto,13.00,0,14,1,27,1,10,2,11,3,4,3,12,3,11,1,5,1,13,2,21,0,14,0,155,17,350480,Bálsamo
17.0,Taubaté,0.00,0,0,0,0,0,0,0,0,0,0,0,1,1,0,0,0,0,2,0,0,0,1,1,4,2,350490,Bananal
6.0,Bauru,0.00,0,9,7,30,29,195,171,80,73,10,8,1,1,0,0,0,0,1,1,0,0,0,0,326,290,350500,Barão de Antonina
2.0,Araçatuba,26.00,7,78,24,97,29,77,21,21,6,12,0,2,0,2,0,7,0,6,0,9,0,1,0,338,87,350510,Barbosa
6.0,Bauru,3.00,0,5,0,8,2,39,29,91,61,34,29,7,5,8,6,10,4,4,1,74,66,61,44,344,247,350520,Bariri
6.0,Bauru,13.00,0,25,3,120,35,139,60,122,35,18,3,3,3,6,2,9,1,8,0,11,0,24,0,498,142,350530,Barra Bonita
16.0,Sorocaba,0.00,0,0,0,0,0,1,0,13,0,0,0,0,0,0,0,0,0,1,0,0,0,1,0,16,0,350535,Barra do Chapéu
12.0,Registro,0.00,0,0,0,0,0,0,0,1,0,0,0,0,0,1,0,0,0,0,0,0,0,0,0,2,0,350540,Barra do Turvo
5.0,Barretos,238.00,6,555,31,1315,90,2182,169,1616,364,465,93,251,28,236,20,174,12,187,3,171,9,174,8,7564,833,350550,Barretos
13.0,Riberão Preto,30.00,1,61,7,184,41,215,82,160,57,65,25,15,6,23,3,25,11,26,11,14,1,26,0,844,245,350560,Barrinha
1.0,São Paulo,53.00,3,69,5,178,29,241,46,152,37,73,8,24,3,25,2,29,4,38,3,21,3,26,4,929,147,350570,Barueri
9.0,Marília,89.00,52,453,344,831,601,819,549,292,129,55,11,10,0,11,2,9,2,11,1,14,0,3,0,2597,1691,350580,Bastos
13.0,Riberão Preto,26.00,12,109,52,311,112,843,287,961,234,327,52,156,16,132,2,113,2,39,1,75,1,16,2,3108,773,350590,Batatais
6.0,Bauru,367.00,153,1155,571,6934,4288,7339,5295,4266,3027,835,561,254,157,207,124,172,68,235,19,345,24,355,62,22464,14349,350600,Bauru
5.0,Barretos,8.00,1,55,5,227,42,377,113,284,98,102,24,49,11,38,4,26,3,37,7,31,5,70,26,1304,339,350610,Bebedouro
2.0,Araçatuba,0.00,0,1,1,9,4,18,14,10,7,5,5,0,0,2,2,3,1,0,0,0,0,1,0,49,34,350620,Bento de Abreu
9.0,Marília,8.00,0,7,0,37,7,72,15,83,15,25,1,4,0,1,0,0,0,0,0,0,0,0,0,237,38,350630,Bernardino de Campos
4.0,Baixada Santista,141.00,6,320,53,566,140,814,295,780,282,471,142,259,62,178,35,202,34,271,51,322,88,488,179,4812,1367,350635,Bertioga
2.0,Araçatuba,19.00,1,31,1,13,1,8,3,2,0,3,1,2,0,0,0,2,1,0,0,1,0,1,1,82,9,350640,Bilac
2.0,Araçatuba,173.00,43,396,89,851,382,831,425,464,231,166,85,113,59,202,76,197,99,182,93,184,82,133,62,3892,1726,350650,Birigui
1.0,São Paulo,20.00,0,22,1,39,0,25,3,31,2,19,1,5,0,4,0,12,0,12,0,10,0,6,0,205,7,350660,Biritiba-Mirim
3.0,Araraquara,232.00,135,696,429,1184,670,577,335,279,131,87,28,10,1,18,2,23,6,15,0,14,1,22,2,3157,1740,350670,Boa Esperança do Sul
6.0,Bauru,1.00,0,2,0,11,6,10,3,4,2,0,0,1,0,1,0,2,0,2,0,1,1,2,0,37,12,350680,Bocaina
6.0,Bauru,0.00,0,5,0,26,1,57,1,52,1,7,0,4,0,3,0,7,0,5,0,5,0,9,0,180,3,350690,Bofete
16.0,Sorocaba,26.00,2,49,6,132,24,163,54,135,34,42,7,10,3,9,1,23,0,32,5,32,0,29,6,682,142,350700,Boituva
7.0,Campinas,8.00,1,1,0,4,1,12,1,9,1,2,0,1,0,3,0,5,0,7,0,7,1,3,0,62,5,350710,Bom Jesus dos Perdões
16.0,Sorocaba,0.00,0,0,0,0,0,0,0,0,0,1,0,1,0,0,0,3,0,0,0,0,0,0,0,5,0,350715,Bom Sucesso de Itararé
9.0,Marília,1.00,0,2,0,3,0,16,10,27,11,2,0,0,0,0,0,0,0,0,0,0,0,0,0,51,21,350720,Borá
6.0,Bauru,2.00,0,3,3,13,9,12,12,28,26,7,6,6,6,2,1,0,0,1,1,17,12,75,69,166,145,350730,Boracéia
3.0,Araraquara,26.00,13,108,76,395,276,382,255,164,84,22,4,5,4,7,3,0,0,6,3,5,5,20,20,1140,743,350740,Borborema
6.0,Bauru,3.00,0,8,1,23,13,44,13,44,13,10,2,1,0,3,0,2,0,2,1,7,2,5,0,152,45,350745,Borebi
6.0,Bauru,57.00,4,94,9,276,19,301,49,250,33,86,14,34,9,47,13,61,15,119,25,109,48,247,130,1681,368,350750,Botucatu
7.0,Campinas,31.00,2,36,5,76,24,90,40,66,37,25,6,21,8,25,5,15,4,38,9,21,3,53,25,497,168,350760,Bragança Paulista
2.0,Araçatuba,1.00,1,5,2,38,31,112,102,26,24,4,4,2,1,1,0,1,0,0,0,0,0,1,0,191,165,350770,Braúna
2.0,Araçatuba,2.00,1,9,7,21,14,15,5,7,1,1,0,0,0,0,0,0,0,1,0,1,0,0,0,57,28,350775,Brejo Alegre
13.0,Riberão Preto,15.00,1,24,4,48,8,104,36,119,50,32,18,12,5,19,13,27,11,35,20,180,143,482,464,1097,773,350780,Brodósqui
6.0,Bauru,8.00,0,5,0,34,4,49,12,67,12,24,2,9,0,6,0,13,0,2,0,1,0,5,0,223,30,350790,Brotas
16.0,Sorocaba,10.00,3,58,9,50,6,40,3,33,3,8,1,0,0,0,0,0,0,0,0,0,0,0,0,199,25,350800,Buri
2.0,Araçatuba,13.00,0,25,3,35,2,26,2,23,1,7,1,2,1,8,0,8,0,6,0,6,0,4,1,163,11,350810,Buritama
8.0,Franca,5.00,0,18,11,59,38,46,32,43,29,7,6,0,0,2,1,2,0,0,0,1,0,1,0,184,117,350820,Buritizal
6.0,Bauru,1.00,0,1,0,8,2,17,4,15,2,3,0,1,0,1,0,1,0,0,0,1,0,2,0,51,8,350830,Cabrália Paulista
7.0,Campinas,14.00,1,31,1,57,11,71,49,70,43,30,16,9,2,5,0,20,8,11,3,6,1,12,6,336,141,350840,Cabreúva
17.0,Taubaté,27.00,1,37,2,150,41,279,81,229,90,117,38,52,2,86,4,88,0,109,1,56,0,73,4,1303,264,350850,Caçapava
17.0,Taubaté,24.00,1,15,1,41,2,65,8,75,3,18,0,23,0,14,1,19,2,28,3,7,1,5,1,334,23,350860,Cachoeira Paulista
14.0,São João da Boa Vista,0.00,0,2,0,6,0,18,5,25,6,9,3,2,0,0,0,1,0,7,1,3,0,2,1,75,16,350870,Caconde
6.0,Bauru,7.00,2,9,4,45,27,83,62,99,59,14,10,7,7,2,0,0,0,1,0,3,0,0,0,270,171,350880,Cafelândia
11.0,Presidente Prudente,31.00,11,64,45,33,21,6,1,0,0,1,0,1,0,1,0,1,0,0,0,0,0,1,0,139,78,350890,Caiabu
1.0,São Paulo,16.00,0,20,3,34,7,37,9,47,10,11,2,7,2,6,1,11,0,11,1,12,0,17,6,229,41,350900,Caieiras
11.0,Presidente Prudente,5.00,1,14,4,68,25,104,53,65,31,17,3,0,0,3,1,2,0,0,0,3,1,2,0,283,119,350910,Caiuá
1.0,São Paulo,25.00,2,29,1,63,6,97,10,85,9,53,6,29,0,28,0,28,1,35,2,20,0,37,2,529,39,350920,Cajamar
12.0,Registro,1.00,0,2,1,0,0,0,0,3,3,5,1,7,2,7,0,0,0,0,0,1,1,0,0,26,8,350925,Cajati
5.0,Barretos,63.00,41,299,178,261,122,75,64,28,23,3,1,0,0,1,1,3,1,0,0,2,1,2,0,737,432,350930,Cajobi
13.0,Riberão Preto,2.00,0,6,0,6,1,6,0,4,2,1,1,0,0,2,0,3,0,4,0,0,0,2,0,36,4,350940,Cajuru
16.0,Sorocaba,0.00,0,0,0,4,0,1,0,0,0,0,0,3,0,2,0,0,0,0,0,1,0,0,0,11,0,350945,Campina do Monte Alegre
7.0,Campinas,850.00,162,1752,618,3690,2630,3496,2867,2946,2433,1234,805,754,169,825,126,810,140,845,223,766,515,852,577,18820,11265,350950,Campinas
7.0,Campinas,14.00,1,35,9,71,12,78,24,72,21,42,7,26,9,20,4,17,7,17,4,1,0,9,7,402,105,350960,Campo Limpo Paulista
17.0,Taubaté,1.00,0,2,0,3,0,3,0,10,0,3,0,1,0,1,0,2,0,3,0,2,0,2,0,33,0,350970,Campos do Jordão
9.0,Marília,5.00,0,27,14,157,95,184,140,66,55,12,5,1,0,3,0,4,0,0,0,2,0,0,0,461,309,350980,Campos Novos Paulista
12.0,Registro,1.00,0,0,0,3,1,15,4,14,2,4,1,5,1,2,0,1,0,7,0,1,0,3,0,56,9,350990,Cananéia
17.0,Taubaté,0.00,0,0,0,2,0,4,0,2,0,1,0,1,0,1,0,0,0,2,0,0,0,1,0,14,0,350995,Canas
9.0,Marília,34.00,2,88,21,268,149,606,409,696,455,170,72,47,5,20,2,18,2,18,1,19,0,28,1,2012,1119,351000,Cândido Mota
3.0,Araraquara,7.00,6,24,19,110,106,50,45,16,16,1,0,0,0,0,0,1,0,0,0,1,0,0,0,210,192,351010,Cândido Rodrigues
9.0,Marília,22.00,3,43,15,318,94,393,151,140,47,14,2,5,0,0,0,0,0,0,0,1,0,1,1,937,313,351015,Canitar
16.0,Sorocaba,8.00,0,15,2,175,104,372,233,296,194,46,17,11,1,9,0,9,1,7,1,4,0,2,0,954,553,351020,Capão Bonito
16.0,Sorocaba,39.00,0,37,1,122,9,208,69,178,45,66,8,19,1,18,0,19,0,33,0,21,0,19,0,779,133,351030,Capela do Alto
10.0,Piracicaba,7.00,0,17,1,44,6,52,16,111,38,34,8,20,1,18,0,25,0,26,1,17,5,17,8,388,84,351040,Capivari
17.0,Taubaté,261.00,9,209,5,719,56,1092,168,1388,194,527,39,277,16,368,15,473,11,656,9,515,23,455,37,6940,582,351050,Caraguatatuba
1.0,São Paulo,19.00,4,42,8,79,16,92,28,71,15,34,10,16,1,19,1,23,1,17,3,24,2,16,3,452,92,351060,Carapicuíba
15.0,São José do Rio Preto,12.00,3,5,3,9,5,17,4,11,5,4,1,4,1,2,0,3,0,6,2,10,2,6,2,89,28,351070,Cardoso
14.0,São João da Boa Vista,2.00,0,7,2,22,6,39,10,116,54,39,16,14,3,11,3,6,0,5,2,8,1,3,1,272,98,351080,Casa Branca
13.0,Riberão Preto,7.00,3,0,0,1,1,3,2,3,1,1,1,2,0,0,0,1,0,0,0,1,0,0,0,19,8,351090,Cássia dos Coqueiros
2.0,Araçatuba,54.00,22,76,27,360,125,236,100,166,55,60,25,31,10,13,3,12,6,21,10,11,0,12,0,1052,383,351100,Castilho
15.0,São José do Rio Preto,181.00,40,252,96,534,167,599,309,449,246,205,99,120,50,99,20,110,25,161,30,188,77,199,88,3097,1247,351110,Catanduva
15.0,São José do Rio Preto,1.00,1,15,5,14,6,17,5,8,3,8,3,2,0,8,1,2,0,7,1,4,1,5,1,91,27,351120,Catiguá
15.0,São José do Rio Preto,41.00,9,39,8,75,16,60,19,46,11,20,7,11,1,11,1,16,1,30,7,27,7,38,3,414,90,351130,Cedral
6.0,Bauru,0.00,0,9,9,72,45,212,200,70,69,5,5,0,0,0,0,0,0,0,0,1,0,0,0,369,328,351140,Cerqueira César
16.0,Sorocaba,16.00,2,14,0,80,11,120,27,79,11,18,3,4,0,10,2,8,1,12,0,12,1,8,0,381,58,351150,Cerquilho
16.0,Sorocaba,14.00,0,29,4,65,12,38,9,46,8,7,0,8,0,1,0,14,0,10,0,10,0,6,0,248,33,351160,Cesário Lange
10.0,Piracicaba,19.00,0,39,6,150,40,147,31,128,19,57,7,24,0,23,0,26,0,29,0,27,1,14,0,683,104,351170,Charqueada
2.0,Araçatuba,0.00,0,2,0,2,1,4,2,3,2,1,1,0,0,0,0,0,0,0,0,2,0,0,0,14,6,351190,Clementina
5.0,Barretos,16.00,1,33,4,91,18,106,38,50,27,9,6,9,1,19,5,8,1,14,1,13,1,40,28,408,131,351200,Colina
5.0,Barretos,7.00,0,9,3,66,36,137,107,145,141,50,49,2,1,2,2,3,1,3,0,3,0,0,0,427,340,351210,Colômbia
10.0,Piracicaba,2.00,0,12,2,49,8,99,26,70,10,19,0,5,0,10,0,21,3,25,0,18,0,4,0,334,49,351220,Conchal
6.0,Bauru,6.00,4,122,34,392,150,390,237,375,153,52,22,17,0,8,0,10,0,21,0,16,1,9,1,1418,602,351230,Conchas
10.0,Piracicaba,30.00,0,27,1,94,8,127,6,94,7,30,2,11,0,16,0,17,0,17,1,24,0,9,1,496,26,351240,Cordeirópolis
2.0,Araçatuba,52.00,2,32,2,76,12,97,11,58,10,22,2,13,0,12,0,13,1,25,0,14,1,7,0,421,41,351250,Coroados
6.0,Bauru,0.00,0,0,0,13,2,21,7,33,14,4,0,0,0,1,0,0,0,0,0,0,0,2,1,74,24,351260,Coronel Macedo
10.0,Piracicaba,5.00,0,4,3,11,8,6,4,8,5,3,1,1,0,1,0,2,0,0,0,2,0,1,0,44,21,351270,Corumbataí
7.0,Campinas,16.00,0,25,7,68,7,109,10,95,22,19,3,7,2,6,1,7,0,8,0,13,0,5,2,378,54,351280,Cosmópolis
15.0,São José do Rio Preto,26.00,3,29,7,32,7,24,3,16,2,3,0,1,0,3,0,5,1,3,0,1,0,1,0,144,23,351290,Cosmorama
1.0,São Paulo,62.00,10,122,3,143,15,113,34,90,22,41,8,35,4,27,1,19,0,35,0,36,3,31,4,754,104,351300,Cotia
13.0,Riberão Preto,27.00,2,28,3,194,37,382,90,349,62,60,14,14,3,22,2,14,0,15,8,21,7,43,19,1169,247,351310,Cravinhos
8.0,Franca,5.00,1,1,0,8,0,16,5,17,11,3,1,2,0,2,0,2,0,2,0,3,0,8,0,69,18,351320,Cristais Paulista
9.0,Marília,6.00,3,18,12,85,77,63,61,8,7,2,2,0,0,2,1,1,1,1,1,0,0,2,1,188,166,351330,Cruzália
17.0,Taubaté,10.00,0,17,1,73,1,35,1,15,0,10,0,1,1,5,1,6,1,7,1,13,2,7,0,199,9,351340,Cruzeiro
4.0,Baixada Santista,81.00,1,110,6,132,5,113,10,90,15,39,6,28,7,23,5,37,2,38,2,41,1,35,1,767,61,351350,Cubatão
17.0,Taubaté,0.00,0,4,1,30,6,52,17,37,6,3,0,2,0,3,0,6,0,1,0,2,0,2,0,142,30,351360,Cunha
3.0,Araraquara,11.00,0,17,0,28,3,31,4,25,9,20,7,13,4,19,3,16,1,18,7,19,4,11,0,228,42,351370,Descalvado
1.0,São Paulo,44.00,9,58,8,143,39,159,71,118,54,68,19,52,6,30,3,31,2,33,6,23,6,41,10,800,233,351380,Diadema
15.0,São José do Rio Preto,0.00,0,0,0,9,5,24,20,14,8,2,0,0,0,1,0,1,0,0,0,0,0,2,2,53,35,351385,Dirce Reis
14.0,São João da Boa Vista,0.00,0,1,0,2,0,2,0,4,1,0,0,1,0,0,0,1,0,1,0,0,0,0,0,12,1,351390,Divinolândia
3.0,Araraquara,16.00,1,25,5,121,31,266,116,327,94,52,24,23,11,8,1,2,0,10,1,10,3,4,0,864,287,351400,Dobrada
6.0,Bauru,11.00,1,13,2,42,18,91,53,84,56,26,15,10,5,18,13,9,7,11,4,24,21,107,82,446,277,351410,Dois Córregos
15.0,São José do Rio Preto,2.00,0,22,11,50,13,56,13,20,6,4,1,0,0,3,1,2,0,1,1,1,0,1,0,162,46,351420,Dolcinópolis
3.0,Araraquara,14.00,2,28,7,132,79,261,200,151,104,36,14,13,11,17,10,7,3,8,7,4,1,2,1,673,439,351430,Dourado
11.0,Presidente Prudente,222.00,133,823,710,1522,1258,1143,802,472,162,46,10,24,8,31,6,43,10,80,10,49,1,22,0,4477,3110,351440,Dracena
6.0,Bauru,2.00,0,1,0,4,3,12,4,8,3,0,0,3,0,1,1,1,0,2,0,0,0,0,0,34,11,351450,Duartina
13.0,Riberão Preto,18.00,3,59,18,147,82,116,75,32,17,6,1,5,0,3,1,9,3,4,0,12,0,11,1,422,201,351460,Dumont
9.0,Marília,118.00,88,159,118,364,347,38,38,1,1,3,0,1,0,1,0,0,0,0,0,1,0,4,1,690,593,351470,Echaporã
12.0,Registro,2.00,1,3,0,5,0,9,0,10,0,0,0,0,0,0,0,0,0,0,0,0,0,0,0,29,1,351480,Eldorado
10.0,Piracicaba,7.00,0,1,0,13,3,26,0,14,0,5,0,2,0,2,0,1,0,2,0,4,0,5,0,82,3,351490,Elias Fausto
15.0,São José do Rio Preto,1.00,0,0,0,25,1,10,0,4,1,1,0,0,0,1,0,2,0,1,0,1,0,1,0,47,2,351492,Elisiário
15.0,São José do Rio Preto,15.00,9,24,19,21,8,24,12,4,4,3,2,0,0,0,0,1,0,1,0,1,0,0,0,94,54,351495,Embaúba
1.0,São Paulo,42.00,1,34,1,96,13,144,9,95,6,55,3,22,1,22,1,36,0,25,1,30,1,29,0,630,37,351500,Embu
1.0,São Paulo,7.00,0,8,0,5,3,8,2,4,1,8,1,1,0,1,0,2,0,3,0,3,0,3,0,53,7,351510,Embu-Guaçu
11.0,Presidente Prudente,14.00,6,64,44,285,212,162,139,48,30,3,1,0,0,0,0,1,0,1,0,1,0,0,0,579,432,351512,Emilianópolis
10.0,Piracicaba,34.00,6,36,3,94,9,101,8,76,4,17,0,16,0,13,0,20,0,21,0,8,0,10,1,446,31,351515,Engenheiro Coelho
14.0,São João da Boa Vista,49.00,5,32,3,75,8,113,15,77,6,40,5,17,1,21,0,25,1,41,4,23,1,34,2,547,51,351518,Espírito Santo do Pinhal
9.0,Marília,0.00,0,3,0,18,1,17,5,3,1,2,1,1,0,1,0,0,0,1,0,0,0,1,0,47,8,351519,Espírito Santo do Turvo
15.0,São José do Rio Preto,15.00,2,36,5,121,8,42,1,24,3,6,0,12,0,6,1,13,0,6,0,4,0,7,0,292,20,351520,Estrela d'Oeste
11.0,Presidente Prudente,36.00,6,116,61,341,281,217,191,53,20,13,7,6,1,4,0,8,1,3,0,17,0,9,2,823,570,351530,Estrela do Norte
11.0,Presidente Prudente,53.00,33,60,39,285,180,99,74,22,15,12,10,1,0,3,1,3,0,2,0,2,0,1,0,543,352,351535,Euclides da Cunha Paulista
6.0,Bauru,2.00,1,0,0,3,2,68,31,53,17,6,4,1,1,2,1,0,0,1,0,0,0,0,0,136,57,351540,Fartura
15.0,São José do Rio Preto,43.00,6,101,15,383,30,345,50,174,43,46,18,45,7,52,5,37,3,62,2,51,3,29,1,1368,183,351550,Fernandópolis
15.0,São José do Rio Preto,63.00,42,201,138,206,154,126,102,42,35,6,5,4,2,3,0,2,0,10,0,3,1,3,1,669,480,351560,Fernando Prestes
9.0,Marília,0.00,0,8,0,10,0,2,1,0,0,0,0,0,0,0,0,2,0,0,0,1,0,0,0,23,1,351565,Fernão
1.0,São Paulo,27.00,3,27,4,73,5,55,10,72,22,32,5,5,1,12,1,12,0,14,1,28,5,27,5,384,62,351570,Ferraz de Vasconcelos
11.0,Presidente Prudente,4.00,3,13,12,109,98,131,121,0,0,0,0,0,0,0,0,0,0,0,0,0,0,1,0,258,234,351580,Flora Rica
15.0,São José do Rio Preto,5.00,0,2,0,8,1,17,4,21,10,1,0,0,0,1,0,0,0,4,0,2,0,0,0,61,15,351590,Floreal
9.0,Marília,45.00,27,127,99,285,231,212,177,70,54,10,6,3,3,3,0,4,0,0,0,1,0,4,2,764,599,351600,Flórida Paulista
9.0,Marília,17.00,1,10,0,10,2,7,5,12,9,8,4,6,0,0,0,0,0,1,1,2,1,1,1,74,24,351610,Florínia
8.0,Franca,265.00,93,416,152,1151,473,982,381,666,255,289,67,180,50,139,33,190,35,260,55,246,37,362,106,5146,1737,351620,Franca
1.0,São Paulo,9.00,1,33,4,117,35,135,31,83,15,30,8,15,1,11,1,12,2,10,0,10,5,10,1,475,104,351630,Francisco Morato
1.0,São Paulo,22.00,5,65,27,175,56,346,213,224,91,58,19,23,2,15,2,18,0,31,0,21,8,76,16,1074,439,351640,Franco da Rocha
2.0,Araçatuba,2.00,0,1,0,8,6,22,12,5,2,1,0,0,0,0,0,1,0,1,0,0,0,0,0,41,20,351650,Gabriel Monteiro
9.0,Marília,5.00,0,3,1,41,13,84,40,38,18,1,0,0,0,1,0,1,0,2,0,1,0,2,0,179,72,351660,Gália
9.0,Marília,46.00,4,92,23,148,42,209,67,230,81,47,12,20,3,33,3,52,5,51,10,67,10,56,13,1051,273,351670,Garça
15.0,São José do Rio Preto,2.00,0,8,1,7,2,4,0,1,1,0,0,0,0,1,0,1,0,3,0,1,0,1,0,29,4,351680,Gastão Vidigal
3.0,Araraquara,14.00,1,45,2,153,18,79,26,160,44,89,24,63,0,25,0,7,0,24,0,18,0,20,3,697,118,351685,Gavião Peixoto
15.0,São José do Rio Preto,8.00,2,19,1,30,4,9,1,19,3,7,3,2,1,6,2,3,0,1,0,8,1,4,0,116,18,351690,General Salgado
6.0,Bauru,18.00,1,17,0,68,7,53,10,34,9,8,1,3,0,11,1,4,0,10,4,80,39,87,63,393,135,351700,Getulina
2.0,Araçatuba,7.00,0,11,0,52,0,16,1,10,0,4,0,2,0,0,0,1,0,1,0,0,0,0,0,104,1,351710,Glicério
6.0,Bauru,41.00,22,33,18,102,45,165,105,118,97,56,32,7,1,10,0,10,1,5,2,13,1,8,2,568,326,351720,Guaiçara
9.0,Marília,6.00,1,29,24,64,52,27,23,8,8,1,0,2,1,2,0,0,0,0,0,3,0,2,0,144,109,351730,Guaimbê
5.0,Barretos,47.00,3,101,24,345,131,688,345,496,254,176,79,92,28,99,39,75,29,94,26,73,29,68,20,2354,1007,351740,Guaíra
15.0,São José do Rio Preto,49.00,7,67,16,177,57,135,55,128,41,35,14,28,8,12,2,18,2,26,5,28,5,31,7,734,219,351750,Guapiaçu
16.0,Sorocaba,3.00,0,0,0,2,1,107,38,92,10,7,1,0,0,1,0,3,0,4,0,1,0,5,1,225,51,351760,Guapiara
8.0,Franca,1.00,0,5,0,10,2,14,2,17,6,2,1,4,2,1,0,1,0,3,0,1,1,1,1,60,15,351770,Guará
2.0,Araçatuba,11.00,1,23,3,52,16,74,38,39,16,6,3,3,0,1,0,3,1,3,1,2,0,14,0,231,79,351780,Guaraçaí
5.0,Barretos,5.00,0,1,0,6,1,9,1,46,20,4,1,0,0,3,0,1,0,0,0,0,0,2,0,77,23,351790,Guaraci
15.0,São José do Rio Preto,0.00,0,14,10,11,6,1,0,2,1,0,0,0,0,1,0,0,0,0,0,0,0,0,0,29,17,351800,Guarani d'Oeste
9.0,Marília,5.00,1,24,3,41,5,50,14,45,15,14,7,0,0,1,0,0,0,1,0,2,0,2,1,185,46,351810,Guarantã
2.0,Araçatuba,55.00,5,115,25,374,131,680,422,482,263,106,52,65,26,58,9,58,6,50,3,60,9,48,7,2151,958,351820,Guararapes
1.0,São Paulo,28.00,0,57,3,62,4,65,2,68,3,36,2,26,0,20,0,21,0,35,4,23,2,35,5,476,25,351830,Guararema
17.0,Taubaté,30.00,3,59,18,217,49,287,99,391,116,190,34,93,11,81,12,98,10,112,17,131,33,171,73,1860,475,351840,Guaratinguetá
16.0,Sorocaba,0.00,0,0,0,7,4,11,10,15,7,2,1,0,0,1,0,1,0,4,0,0,0,0,0,41,22,351850,Guareí
13.0,Riberão Preto,7.00,1,10,7,112,38,147,73,126,53,34,13,5,0,2,0,8,0,2,1,7,0,0,0,460,186,351860,Guariba
4.0,Baixada Santista,125.00,15,168,47,485,210,516,298,525,296,223,152,180,61,180,50,162,24,177,29,142,54,142,49,3025,1285,351870,Guarujá
1.0,São Paulo,301.00,69,430,90,808,286,1170,530,1086,500,452,160,194,42,174,15,260,30,278,26,279,24,369,55,5801,1827,351880,Guarulhos
13.0,Riberão Preto,181.00,116,137,78,87,73,16,14,5,2,2,0,2,0,4,0,2,0,2,0,3,0,0,0,441,283,351885,Guatapará
2.0,Araçatuba,1.00,1,1,0,18,10,16,12,18,17,8,7,2,2,1,0,0,0,0,0,0,0,1,1,66,50,351890,Guzolândia
9.0,Marília,43.00,13,94,53,283,191,318,242,84,39,8,6,5,0,1,0,1,0,0,0,3,0,1,0,841,544,351900,Herculândia
7.0,Campinas,20.00,0,32,1,66,1,82,6,51,3,33,1,11,0,18,0,31,0,19,0,20,0,16,0,399,12,351905,Holambra
7.0,Campinas,184.00,32,285,95,675,215,886,324,735,283,236,55,150,28,171,23,128,19,132,19,136,17,77,16,3795,1126,351907,Hortolândia
6.0,Bauru,48.00,38,118,97,174,108,135,46,27,14,4,2,0,0,0,0,1,0,1,0,5,1,5,0,518,306,351910,Iacanga
9.0,Marília,18.00,15,58,39,151,125,150,106,133,99,40,19,13,2,5,2,5,3,3,2,2,2,2,2,580,416,351920,Iacri
6.0,Bauru,3.00,1,3,0,15,0,24,0,6,1,0,0,0,0,0,0,0,0,0,0,0,0,0,0,51,2,351925,Iaras
3.0,Araraquara,41.00,6,65,13,142,43,180,43,121,32,30,8,21,4,35,0,55,7,63,5,44,1,33,2,830,164,351930,Ibaté
15.0,São José do Rio Preto,15.00,2,12,0,18,2,107,28,117,30,26,8,14,2,15,1,13,1,10,2,6,0,5,1,358,77,351940,Ibirá
9.0,Marília,2.00,0,24,7,162,37,310,121,233,72,43,22,7,5,2,2,0,0,0,0,9,2,6,2,798,270,351950,Ibirarema
3.0,Araraquara,48.00,6,164,49,824,291,1048,453,753,305,177,71,53,12,25,5,22,5,23,0,16,0,40,1,3193,1198,351960,Ibitinga
16.0,Sorocaba,5.00,0,4,0,20,0,14,3,19,1,4,1,3,0,7,0,4,0,13,1,5,0,3,0,101,6,351970,Ibiúna
15.0,São José do Rio Preto,1.00,0,11,1,8,2,8,3,5,3,10,5,1,0,3,1,1,1,18,2,19,3,43,14,128,35,351980,Icém
11.0,Presidente Prudente,187.00,103,756,564,1094,708,568,385,119,56,11,4,7,1,4,1,2,0,3,1,9,1,1,0,2761,1824,351990,Iepê
6.0,Bauru,3.00,0,5,0,55,24,130,68,83,28,19,6,7,3,5,1,7,1,1,0,9,0,6,0,330,131,352000,Igaraçu do Tietê
8.0,Franca,45.00,40,86,76,217,82,296,113,143,23,37,4,17,1,1,0,0,0,1,0,7,2,4,2,854,343,352010,Igarapava
17.0,Taubaté,2.00,0,2,0,5,1,6,0,4,0,5,0,5,0,1,0,3,1,5,0,1,0,0,0,39,2,352020,Igaratá
12.0,Registro,3.00,2,2,0,6,1,23,4,13,4,8,6,3,1,2,1,3,2,2,1,4,2,8,7,77,31,352030,Iguape
17.0,Taubaté,300.00,37,367,41,389,57,221,31,200,24,148,20,124,11,126,6,150,11,172,13,199,18,28,18,2424,287,352040,Ilhabela
12.0,Registro,1.00,1,1,1,58,28,31,14,65,20,38,22,35,19,9,5,0,0,2,1,0,0,0,0,240,111,352042,Ilha Comprida
2.0,Araçatuba,47.00,8,72,27,227,79,206,69,128,41,18,5,14,3,13,0,9,3,12,2,13,0,15,1,774,238,352044,Ilha Solteira
7.0,Campinas,110.00,11,132,13,353,89,567,303,479,260,153,52,64,12,34,4,52,4,62,10,50,7,38,10,2094,775,352050,Indaiatuba
11.0,Presidente Prudente,198.00,132,247,192,242,211,59,36,18,10,9,6,2,0,0,0,0,0,5,0,14,3,5,2,799,592,352060,Indiana
15.0,São José do Rio Preto,10.00,0,7,1,29,4,24,0,20,4,8,2,8,1,6,0,2,0,4,0,6,0,3,0,127,12,352070,Indiaporã
9.0,Marília,115.00,98,148,120,70,50,38,27,7,3,0,0,0,0,0,0,3,0,1,0,2,0,2,0,386,298,352080,Inúbia Paulista
9.0,Marília,1.00,0,12,0,56,25,124,80,141,68,17,6,4,2,6,2,4,2,12,6,1,0,1,0,379,191,352090,Ipauçu
16.0,Sorocaba,12.00,0,18,0,98,8,130,2,91,5,44,0,29,0,28,0,24,1,24,0,17,0,11,0,526,16,352100,Iperó
10.0,Piracicaba,10.00,0,23,1,59,6,69,10,64,3,30,3,13,2,16,0,17,0,13,1,16,0,7,1,337,27,352110,Ipeúna
15.0,São José do Rio Preto,10.00,2,8,2,29,7,29,9,14,2,7,1,7,0,5,0,4,0,8,0,13,2,14,1,148,26,352115,Ipiguá
12.0,Registro,0.00,0,0,0,0,0,0,0,0,0,0,0,0,0,0,0,0,0,0,0,0,0,1,0,1,0,352120,Iporanga
8.0,Franca,16.00,15,33,14,45,11,46,10,21,8,5,2,3,1,1,1,2,0,1,0,1,0,0,0,174,62,352130,Ipuã
10.0,Piracicaba,14.00,0,23,2,26,4,25,4,50,3,8,0,0,0,1,0,3,0,5,0,2,0,4,0,161,13,352140,Iracemápolis
15.0,São José do Rio Preto,31.00,0,28,1,92,20,238,101,45,14,23,13,7,0,7,2,5,1,6,1,1,0,4,1,487,154,352150,Irapuã
11.0,Presidente Prudente,157.00,109,154,126,185,159,96,76,34,26,10,0,2,1,0,0,5,1,11,7,7,2,8,4,669,511,352160,Irapuru
16.0,Sorocaba,1.00,0,17,0,13,0,17,3,33,2,10,0,1,0,1,0,1,0,0,0,0,0,0,0,94,5,352170,Itaberá
6.0,Bauru,3.00,1,0,0,16,2,68,12,107,14,11,2,4,1,5,0,4,0,8,0,4,0,0,0,230,32,352180,Itaí
15.0,São José do Rio Preto,16.00,2,24,4,158,25,29,14,16,7,17,10,8,1,6,1,6,0,12,0,10,1,28,2,330,67,352190,Itajobi
6.0,Bauru,1.00,0,1,0,2,0,38,15,131,53,35,16,14,3,8,1,6,0,2,0,7,4,3,2,248,94,352200,Itaju
4.0,Baixada Santista,56.00,35,50,36,84,41,38,12,48,10,36,14,17,2,11,3,28,5,28,3,25,5,16,4,437,170,352210,Itanhaém
16.0,Sorocaba,0.00,0,0,0,0,0,0,0,2,0,0,0,0,0,0,0,0,0,0,0,0,0,0,0,2,0,352215,Itaóca
1.0,São Paulo,17.00,2,15,1,36,2,40,6,26,1,8,1,4,0,2,0,6,1,8,1,6,1,8,1,176,17,352220,Itapecerica da Serra
16.0,Sorocaba,81.00,2,113,7,468,69,735,224,733,193,216,43,132,6,65,0,98,2,122,8,108,3,103,9,2974,566,352230,Itapetininga
16.0,Sorocaba,33.00,0,17,0,58,3,184,4,257,4,51,0,22,0,18,0,24,0,27,0,12,0,16,0,719,11,352240,Itapeva
1.0,São Paulo,10.00,1,17,2,25,2,39,8,39,6,12,1,7,0,9,0,8,1,6,1,7,0,4,0,183,22,352250,Itapevi
14.0,São João da Boa Vista,24.00,1,28,0,65,10,139,43,217,58,103,13,53,5,52,2,58,5,57,8,48,1,25,0,869,146,352260,Itapira
16.0,Sorocaba,0.00,0,0,0,0,0,0,0,1,0,0,0,0,0,0,0,0,0,0,0,0,0,0,0,1,0,352265,Itapirapuã Paulista
3.0,Araraquara,453.00,339,1443,1241,2180,1901,928,807,178,126,25,8,11,2,13,2,8,1,17,3,14,2,21,3,5291,4435,352270,Itápolis
6.0,Bauru,0.00,0,0,0,7,0,68,1,83,2,6,0,4,0,6,0,2,0,2,0,1,0,0,0,179,3,352280,Itaporanga
6.0,Bauru,29.00,0,59,1,95,5,94,2,72,4,23,2,5,0,3,0,10,0,23,0,23,1,8,0,444,15,352290,Itapuí
2.0,Araçatuba,2.00,1,1,1,7,3,14,9,5,1,1,1,0,0,1,0,1,0,0,0,0,0,0,0,32,16,352300,Itapura
1.0,São Paulo,21.00,2,34,6,80,18,117,54,147,76,55,18,13,2,15,2,16,3,36,1,21,3,33,5,588,190,352310,Itaquaquecetuba
16.0,Sorocaba,18.00,3,37,11,191,59,526,187,697,170,88,21,5,3,0,0,0,0,0,0,0,0,1,0,1563,454,352320,Itararé
12.0,Registro,0.00,0,1,0,3,0,1,0,5,0,1,0,0,0,0,0,0,0,1,0,0,0,1,0,13,0,352330,Itariri
7.0,Campinas,15.00,1,24,1,70,7,62,18,86,22,40,6,23,2,22,1,12,1,22,0,20,2,17,3,413,64,352340,Itatiba
6.0,Bauru,2.00,0,2,0,13,0,23,4,28,9,4,1,1,0,1,1,1,1,6,2,1,0,2,0,84,18,352350,Itatinga
10.0,Piracicaba,2.00,0,3,0,17,0,8,2,10,0,2,1,2,0,2,1,7,0,7,0,8,0,2,0,70,4,352360,Itirapina
8.0,Franca,1.00,0,2,1,7,0,12,11,3,2,1,0,0,0,0,0,1,0,3,2,3,0,4,0,37,16,352370,Itirapuã
14.0,São João da Boa Vista,0.00,0,4,2,2,0,1,0,1,0,3,0,0,0,2,0,0,0,1,0,3,0,0,0,17,2,352380,Itobi
16.0,Sorocaba,82.00,9,190,26,492,123,1012,364,1212,366,476,106,245,32,179,17,171,9,224,33,242,44,374,132,4899,1261,352390,Itu
7.0,Campinas,11.00,0,15,3,69,17,73,22,58,22,31,9,11,6,14,2,16,3,11,6,1,1,4,1,314,92,352400,Itupeva
8.0,Franca,62.00,57,222,207,587,557,162,149,41,29,2,1,0,0,1,1,2,1,0,0,7,1,12,1,1098,1004,352410,Ituverava
5.0,Barretos,14.00,10,66,51,80,75,75,72,5,3,1,1,0,0,0,0,3,0,1,0,0,0,1,0,246,212,352420,Jaborandi
13.0,Riberão Preto,83.00,29,391,225,1014,694,1203,1031,699,598,76,66,3,1,6,3,8,2,0,0,5,2,3,2,3491,2653,352430,Jaboticabal
17.0,Taubaté,171.00,7,194,13,550,102,990,325,1076,303,517,86,219,26,167,8,236,9,340,16,366,94,891,417,5717,1406,352440,Jacareí
15.0,São José do Rio Preto,22.00,12,39,19,98,55,72,17,28,9,16,6,9,4,7,2,18,4,11,2,8,3,6,2,334,135,352450,Jaci
12.0,Registro,3.00,0,2,0,5,1,8,2,5,1,1,0,2,1,2,0,1,0,2,0,2,0,0,0,33,5,352460,Jacupiranga
7.0,Campinas,25.00,1,59,7,221,27,325,49,209,21,80,10,52,2,59,5,60,0,65,1,67,8,55,5,1277,136,352470,Jaguariúna
15.0,São José do Rio Preto,39.00,4,61,3,119,15,209,23,159,28,33,7,39,4,26,5,31,3,39,2,38,1,14,2,807,97,352480,Jales
17.0,Taubaté,0.00,0,0,0,0,0,3,0,4,0,2,0,1,0,0,0,0,0,1,0,0,0,5,0,16,0,352490,Jambeiro
1.0,São Paulo,6.00,1,10,1,42,5,82,18,59,11,20,4,7,2,3,0,2,0,2,0,5,3,2,0,240,45,352500,Jandira
13.0,Riberão Preto,18.00,3,29,7,61,15,108,56,407,64,51,24,44,3,48,6,63,5,44,5,28,2,23,5,924,195,352510,Jardinópolis
7.0,Campinas,13.00,2,5,1,9,3,37,19,96,51,23,9,8,1,2,0,7,0,9,1,2,1,5,1,216,89,352520,Jarinu
6.0,Bauru,63.00,12,170,53,601,214,765,235,914,263,339,77,154,19,70,4,76,4,106,1,84,5,112,24,3454,911,352530,Jaú
8.0,Franca,1.00,1,1,1,9,6,7,4,56,44,11,8,1,0,1,1,0,0,1,0,0,0,1,0,89,65,352540,Jeriquara
7.0,Campinas,0.00,0,3,1,2,1,5,2,11,1,3,2,2,1,1,0,3,0,1,0,2,0,2,0,35,8,352550,Joanópolis
11.0,Presidente Prudente,1.00,0,18,4,98,32,144,93,146,104,20,16,1,1,1,0,1,0,0,0,0,0,0,0,430,250,352560,João Ramalho
15.0,São José do Rio Preto,23.00,4,51,7,69,10,37,9,21,4,12,2,14,2,22,5,13,3,16,1,20,4,14,1,312,52,352570,José Bonifácio
9.0,Marília,133.00,105,157,143,149,139,83,75,14,13,3,1,1,1,1,0,2,2,1,1,2,1,0,0,546,481,352580,Júlio Mesquita
16.0,Sorocaba,0.00,0,6,0,18,1,25,6,14,0,4,0,1,0,1,0,0,0,8,0,1,0,1,0,79,7,352585,Jumirim
7.0,Campinas,158.00,7,363,20,748,143,740,388,458,266,114,61,130,9,134,9,124,6,17,3,27,13,34,23,3047,948,352590,Jundiaí
11.0,Presidente Prudente,24.00,14,196,154,545,452,303,275,100,77,6,6,4,3,7,1,4,1,3,1,3,0,1,0,1196,984,352600,Junqueirópolis
12.0,Registro,0.00,0,0,0,2,0,2,0,3,1,3,2,2,2,0,0,1,0,1,0,0,0,0,0,14,5,352610,Juquiá
1.0,São Paulo,4.00,2,4,3,3,3,0,0,1,0,0,0,0,0,0,0,2,0,0,0,2,1,0,0,16,9,352620,Juquitiba
17.0,Taubaté,1.00,1,0,0,1,0,3,0,5,0,0,0,0,0,1,0,2,0,1,0,0,0,2,0,16,1,352630,Lagoinha
6.0,Bauru,161.00,119,609,344,1017,982,887,879,327,327,32,31,1,1,1,0,3,0,1,1,1,0,1,0,3041,2684,352640,Laranjal Paulista
2.0,Araçatuba,19.00,9,44,24,120,59,123,67,74,36,20,4,8,1,5,1,10,0,8,0,3,0,2,0,436,201,352650,Lavínia
17.0,Taubaté,4.00,0,4,0,5,0,14,3,3,0,3,0,0,0,1,0,3,0,1,1,1,1,0,0,39,5,352660,Lavrinhas
10.0,Piracicaba,19.00,1,25,5,49,6,62,23,52,19,10,0,10,3,11,1,14,3,8,3,13,1,11,4,284,69,352670,Leme
6.0,Bauru,34.00,0,83,10,444,139,817,314,1216,286,204,51,83,9,73,6,42,2,66,6,52,2,44,7,3158,832,352680,Lençóis Paulista
10.0,Piracicaba,169.00,3,327,29,792,118,996,187,765,117,278,33,129,11,127,3,160,1,254,8,206,15,165,23,4368,548,352690,Limeira
7.0,Campinas,6.00,0,11,0,31,0,28,0,8,0,4,0,4,0,6,0,11,0,12,1,6,0,3,0,130,1,352700,Lindóia
6.0,Bauru,262.00,168,608,456,1812,1414,1765,1137,902,724,149,106,105,47,87,26,66,5,18,1,24,1,67,7,5865,4092,352710,Lins
17.0,Taubaté,18.00,2,31,4,63,5,63,11,80,14,33,4,17,1,18,0,23,1,18,0,29,0,35,7,428,49,352720,Lorena
2.0,Araçatuba,17.00,3,41,2,20,0,0,0,0,0,0,0,4,0,1,0,0,0,2,0,3,1,2,0,90,6,352725,Lourdes
7.0,Campinas,18.00,2,42,7,144,65,158,78,110,35,36,6,24,2,13,3,10,0,17,1,5,0,6,1,583,200,352730,Louveira
9.0,Marília,88.00,56,233,144,495,298,488,329,255,130,32,16,12,7,12,2,9,2,5,2,4,0,3,0,1636,986,352740,Lucélia
6.0,Bauru,0.00,0,1,0,0,0,3,1,2,0,0,0,0,0,0,0,0,0,0,0,0,0,0,0,6,1,352750,Lucianópolis
13.0,Riberão Preto,18.00,1,38,6,69,58,39,34,11,10,6,1,3,0,3,0,0,0,3,1,2,0,2,0,194,111,352760,Luís Antônio
2.0,Araçatuba,1.00,0,2,0,11,3,10,1,2,0,2,0,0,0,1,1,6,1,2,2,0,0,0,0,37,8,352770,Luiziânia
9.0,Marília,49.00,48,52,50,11,9,3,2,3,1,1,1,0,0,1,0,0,0,0,0,0,0,0,0,120,111,352780,Lupércio
9.0,Marília,3.00,0,4,0,16,6,37,24,42,23,7,2,3,0,4,1,0,0,0,0,2,0,1,0,119,56,352790,Lutécia
6.0,Bauru,0.00,0,6,1,11,7,40,27,55,29,9,2,5,1,3,0,4,0,0,0,2,1,2,0,137,68,352800,Macatuba
15.0,São José do Rio Preto,7.00,0,4,0,10,0,4,0,1,0,1,0,1,0,2,0,0,0,2,0,1,0,2,0,35,0,352810,Macaubal
15.0,São José do Rio Preto,21.00,18,43,25,53,48,18,17,9,8,3,3,0,0,0,0,1,0,0,0,0,0,0,0,148,119,352820,Macedônia
15.0,São José do Rio Preto,7.00,0,6,1,14,2,12,1,8,0,2,0,0,0,1,0,0,0,0,0,0,0,0,0,50,4,352830,Magda
16.0,Sorocaba,13.00,0,9,2,21,5,48,10,40,8,12,1,8,1,5,0,7,0,7,0,12,0,9,1,191,28,352840,Mairinque
1.0,São Paulo,25.00,1,67,0,102,1,160,1,126,2,65,0,37,0,36,1,50,0,70,0,66,1,61,6,865,13,352850,Mairiporã
6.0,Bauru,1.00,0,2,0,17,0,54,3,55,3,15,0,1,0,1,0,5,0,3,0,5,1,2,2,161,9,352860,Manduri
11.0,Presidente Prudente,1.00,0,17,1,73,17,49,18,36,9,10,3,2,0,0,0,5,0,5,1,3,0,2,0,203,49,352870,Marabá Paulista
9.0,Marília,2.00,1,30,11,77,33,166,70,250,48,62,14,29,8,8,1,7,2,11,0,14,0,5,0,661,188,352880,Maracaí
15.0,São José do Rio Preto,1.00,0,60,48,160,121,96,77,56,46,10,10,1,0,2,0,2,0,1,0,5,0,4,0,398,302,352885,Marapoama
9.0,Marília,40.00,25,91,55,297,218,264,205,81,49,11,7,4,3,7,1,9,0,4,0,6,1,7,0,821,564,352890,Mariápolis
9.0,Marília,236.00,48,328,111,1257,482,2127,1076,2062,765,500,195,182,39,202,28,207,25,231,67,338,152,373,249,8043,3237,352900,Marília
15.0,São José do Rio Preto,3.00,3,2,2,13,8,15,8,20,14,3,2,5,4,21,11,0,0,1,0,2,0,3,1,88,53,352910,Marinópolis
11.0,Presidente Prudente,34.00,4,66,33,268,169,237,132,113,62,24,15,1,1,8,0,5,0,5,0,5,0,7,1,773,417,352920,Martinópolis
3.0,Araraquara,35.00,10,248,78,695,241,863,377,686,250,207,76,55,15,42,8,29,4,36,1,57,8,20,2,2973,1070,352930,Matão
1.0,São Paulo,45.00,0,73,1,114,5,102,17,96,6,68,1,50,1,32,0,35,0,34,0,47,1,37,1,733,33,352940,Mauá
15.0,São José do Rio Preto,17.00,0,26,0,62,5,35,2,22,2,11,2,11,1,14,0,2,0,8,1,4,0,4,0,216,13,352950,Mendonça
15.0,São José do Rio Preto,14.00,5,12,8,27,19,13,4,12,3,3,2,4,2,1,0,2,0,0,0,1,0,2,0,91,43,352960,Meridiano
15.0,São José do Rio Preto,1.00,0,2,0,3,0,3,1,3,0,1,0,0,0,1,0,0,0,0,0,0,0,0,0,14,1,352965,Mesópolis
8.0,Franca,16.00,14,32,30,42,37,4,4,4,4,0,0,1,1,1,1,0,0,1,0,0,0,0,0,101,91,352970,Miguelópolis
6.0,Bauru,3.00,2,6,0,26,8,94,48,66,31,8,5,7,2,1,0,5,1,2,0,1,1,4,0,223,98,352980,Mineiros do Tietê
12.0,Registro,5.00,0,10,0,38,0,9,0,4,2,5,1,2,1,5,1,4,0,4,0,1,0,2,0,89,5,352990,Miracatu
15.0,São José do Rio Preto,3.00,0,3,2,43,13,30,14,21,9,8,5,3,0,1,0,1,0,0,0,1,0,0,0,114,43,353000,Mira Estrela
2.0,Araçatuba,72.00,60,177,133,1032,859,1088,1036,509,476,112,101,64,59,43,41,20,13,30,18,33,28,28,25,3208,2849,353010,Mirandópolis
11.0,Presidente Prudente,85.00,29,157,37,640,537,417,386,130,119,22,17,13,7,7,5,3,1,6,0,19,0,8,0,1507,1138,353020,Mirante do Paranapanema
15.0,São José do Rio Preto,61.00,6,80,16,154,24,127,43,105,23,39,7,43,4,36,8,47,4,48,10,39,8,48,9,827,162,353030,Mirassol
15.0,São José do Rio Preto,3.00,0,5,0,11,0,19,1,5,1,8,1,3,0,1,0,5,0,4,0,9,3,2,1,75,7,353040,Mirassolândia
14.0,São João da Boa Vista,8.00,4,28,8,95,24,97,47,128,68,35,11,14,6,5,1,6,2,2,0,10,2,14,4,442,177,353050,Mococa
1.0,São Paulo,30.00,0,31,2,67,2,64,4,63,4,35,2,34,2,15,0,11,1,32,2,26,0,30,0,438,19,353060,Moji das Cruzes
14.0,São João da Boa Vista,185.00,6,327,27,891,136,1298,240,1059,227,378,59,178,10,225,0,276,3,299,3,263,3,173,4,5552,718,353070,Moji-Guaçu
14.0,São João da Boa Vista,83.00,3,118,6,277,18,394,22,344,19,100,5,96,3,106,3,113,4,107,2,104,2,62,0,1904,87,353080,Moji-Mirim
10.0,Piracicaba,1.00,1,5,2,18,12,41,39,42,35,1,0,3,3,2,0,2,0,1,0,0,0,1,0,117,92,353090,Mombuca
15.0,São José do Rio Preto,0.00,0,1,1,6,0,1,0,1,0,1,0,0,0,0,0,0,0,1,1,0,0,1,0,12,2,353100,Monções
4.0,Baixada Santista,8.00,1,15,3,38,4,27,2,15,4,20,2,22,2,11,3,10,0,14,2,17,4,8,0,205,27,353110,Mongaguá
7.0,Campinas,0.00,0,3,0,2,0,17,2,8,2,2,1,0,0,3,0,3,0,2,0,2,0,0,0,42,5,353120,Monte Alegre do Sul
13.0,Riberão Preto,19.00,11,78,42,193,85,370,212,348,178,94,51,17,7,18,3,15,3,19,9,36,20,19,9,1226,630,353130,Monte Alto
15.0,São José do Rio Preto,24.00,0,19,0,53,9,39,5,19,5,15,2,8,0,10,2,13,3,13,0,10,3,9,1,232,30,353140,Monte Aprazível
5.0,Barretos,0.00,0,6,0,16,1,7,2,31,17,15,8,8,4,5,4,21,11,101,57,199,140,293,238,702,482,353150,Monte Azul Paulista
11.0,Presidente Prudente,137.00,105,80,57,66,44,18,10,6,6,2,2,0,0,0,0,0,0,0,0,0,0,1,1,310,225,353160,Monte Castelo
17.0,Taubaté,0.00,0,1,1,4,3,2,0,2,0,0,0,0,0,0,0,0,0,0,0,0,0,0,0,9,4,353170,Monteiro Lobato
7.0,Campinas,14.00,2,17,4,84,42,151,90,94,56,37,18,13,1,24,1,16,1,10,0,10,2,7,0,477,217,353180,Monte Mor
8.0,Franca,59.00,6,92,18,203,51,89,73,111,80,30,18,16,2,41,2,37,2,83,7,70,5,45,5,876,269,353190,Morro Agudo
7.0,Campinas,8.00,1,8,0,15,4,49,17,39,12,16,4,3,0,7,0,13,0,9,2,11,0,2,1,180,41,353200,Morungaba
3.0,Araraquara,1.00,0,4,0,7,0,7,0,4,2,0,0,1,1,1,1,1,0,2,0,3,0,0,0,31,4,353205,Motuca
2.0,Araçatuba,11.00,10,19,17,36,21,27,27,13,13,3,3,1,0,0,0,0,0,2,0,1,0,0,0,113,91,353210,Murutinga do Sul
11.0,Presidente Prudente,6.00,3,57,5,81,24,218,112,136,51,33,19,1,0,9,1,6,0,4,0,2,0,7,0,560,215,353215,Nantes
11.0,Presidente Prudente,21.00,8,163,75,680,354,609,468,132,88,14,7,1,0,2,0,6,1,6,0,12,0,21,2,1667,1003,353220,Narandiba
17.0,Taubaté,2.00,0,0,0,6,0,6,0,13,2,3,1,0,0,0,0,0,0,2,0,2,0,0,0,34,3,353230,Natividade da Serra
7.0,Campinas,0.00,0,3,0,3,0,4,0,4,0,2,1,0,0,2,0,4,0,4,0,6,0,7,1,39,2,353240,Nazaré Paulista
15.0,São José do Rio Preto,4.00,0,8,1,11,2,28,6,26,3,10,1,6,0,6,0,2,0,0,0,5,0,9,0,115,13,353250,Neves Paulista
15.0,São José do Rio Preto,7.00,7,13,11,89,77,51,38,26,15,9,3,4,0,8,0,2,0,0,0,2,0,2,0,213,151,353260,Nhandeara
15.0,São José do Rio Preto,0.00,0,2,2,20,11,16,12,2,0,3,0,0,0,1,0,2,2,1,1,1,0,0,0,48,28,353270,Nipoã
15.0,São José do Rio Preto,6.00,0,14,2,16,8,27,0,12,1,4,1,4,1,5,0,10,0,4,1,7,1,4,1,113,16,353280,Nova Aliança
16.0,Sorocaba,0.00,0,0,0,0,0,0,0,0,0,0,0,0,0,0,0,0,0,0,0,0,0,0,0,0,0,353282,Nova Campina
15.0,São José do Rio Preto,2.00,0,1,1,8,6,22,13,0,0,0,0,0,0,0,0,0,0,0,0,2,2,1,1,36,23,353284,Nova Canaã Paulista
2.0,Araçatuba,0.00,0,1,0,9,3,1,0,0,0,1,0,0,0,0,0,0,0,0,0,0,0,0,0,12,3,353286,Nova Castilho
3.0,Araraquara,23.00,10,57,23,277,177,325,238,135,88,9,4,2,1,2,1,7,2,8,0,8,0,2,0,855,544,353290,Nova Europa
15.0,São José do Rio Preto,13.00,0,20,0,34,4,37,6,32,4,16,2,6,0,9,0,10,1,13,1,23,2,43,4,256,24,353300,Nova Granada
11.0,Presidente Prudente,45.00,34,19,15,23,19,17,17,7,7,1,1,0,0,0,0,0,0,1,0,0,0,0,0,113,93,353310,Nova Guataporanga
2.0,Araçatuba,24.00,11,49,10,97,39,100,30,131,27,35,7,28,5,7,1,7,0,16,4,7,1,4,0,505,135,353320,Nova Independência
15.0,São José do Rio Preto,1.00,0,7,6,4,1,3,0,0,0,2,0,4,1,1,0,0,0,0,0,1,0,2,0,25,8,353325,Novais
2.0,Araçatuba,0.00,0,1,0,8,0,17,2,0,0,0,0,3,0,1,0,1,0,3,0,4,0,0,0,38,2,353330,Nova Luzitânia
7.0,Campinas,24.00,6,28,14,123,70,242,146,174,111,71,36,35,18,27,8,34,12,31,6,30,5,32,10,851,442,353340,Nova Odessa
15.0,São José do Rio Preto,5.00,1,22,11,86,30,63,39,40,24,25,13,9,4,6,2,5,0,8,2,20,3,28,5,317,134,353350,Novo Horizonte
8.0,Franca,4.00,0,44,1,100,60,331,258,214,130,53,32,13,9,6,4,1,0,8,0,7,0,6,1,787,495,353360,Nuporanga
9.0,Marília,4.00,0,92,61,456,283,435,295,225,77,16,3,0,0,0,0,1,0,3,0,8,1,1,1,1241,721,353370,Ocauçu
9.0,Marília,1.00,0,1,0,1,0,9,2,8,5,2,1,1,0,0,0,0,0,0,0,2,0,0,0,25,8,353380,Óleo
5.0,Barretos,105.00,2,156,9,369,51,463,101,451,103,176,19,99,8,93,4,100,1,84,4,109,27,236,58,2441,387,353390,Olímpia
15.0,São José do Rio Preto,8.00,6,18,13,33,27,28,28,14,12,7,7,3,3,3,2,2,1,2,0,4,4,2,0,124,103,353400,Onda Verde
9.0,Marília,2.00,1,21,8,35,11,20,7,22,4,4,2,0,0,1,0,0,0,0,0,1,1,0,0,106,34,353410,Oriente
15.0,São José do Rio Preto,15.00,0,25,2,7,1,5,1,14,2,9,3,7,0,13,0,5,0,9,1,21,0,30,5,160,15,353420,Orindiúva
8.0,Franca,508.00,339,721,517,939,599,484,261,256,83,59,23,11,3,1,0,3,0,29,2,25,1,17,1,3053,1829,353430,Orlândia
1.0,São Paulo,89.00,36,226,67,527,223,839,401,458,234,160,74,90,16,88,24,77,20,80,22,80,27,83,28,2797,1172,353440,Osasco
9.0,Marília,2.00,0,22,16,113,76,92,86,11,11,1,1,0,0,0,0,0,0,1,0,4,2,5,5,251,197,353450,Oscar Bressane
9.0,Marília,491.00,410,1167,960,1943,1686,763,665,270,199,31,16,15,6,16,10,26,16,48,27,40,26,26,14,4836,4035,353460,Osvaldo Cruz
9.0,Marília,52.00,10,187,55,710,299,814,665,610,516,207,165,31,25,17,13,22,9,30,2,29,3,31,12,2740,1774,353470,Ourinhos
15.0,São José do Rio Preto,10.00,3,22,4,66,11,126,36,126,71,11,8,2,1,2,0,2,0,0,0,0,0,2,1,369,135,353475,Ouroeste
11.0,Presidente Prudente,132.00,115,378,305,721,609,342,188,75,24,17,7,1,0,1,0,14,1,10,1,3,1,3,0,1697,1251,353480,Ouro Verde
9.0,Marília,253.00,223,384,339,272,236,119,105,54,53,4,4,19,11,21,6,26,13,26,4,14,5,6,0,1198,999,353490,Pacaembu
15.0,São José do Rio Preto,15.00,1,24,4,36,2,48,8,55,7,28,3,6,0,8,0,12,0,26,3,19,1,17,3,294,32,353500,Palestina
15.0,São José do Rio Preto,16.00,1,24,4,99,22,118,70,90,61,50,32,25,9,15,3,40,22,59,31,135,95,261,154,932,504,353510,Palmares Paulista
15.0,São José do Rio Preto,17.00,13,10,5,18,4,32,15,20,9,3,2,7,1,11,1,10,2,13,1,17,3,11,3,169,59,353520,Palmeira d'Oeste
9.0,Marília,18.00,8,58,21,181,109,599,406,545,287,125,61,28,12,18,2,23,3,16,3,16,1,10,1,1637,914,353530,Palmital
11.0,Presidente Prudente,189.00,169,493,456,1043,881,559,439,160,98,30,14,9,3,10,3,15,5,16,2,10,2,14,0,2548,2072,353540,Panorama
9.0,Marília,60.00,5,80,14,185,41,268,87,323,100,124,25,45,11,20,3,34,4,60,10,54,5,26,7,1279,312,353550,Paraguaçu Paulista
17.0,Taubaté,13.00,1,26,0,14,1,12,0,8,0,7,0,3,0,2,0,4,1,3,1,6,0,5,0,103,4,353560,Paraibuna
15.0,São José do Rio Preto,26.00,4,34,13,141,62,175,112,112,70,31,11,6,1,3,0,9,0,12,1,11,2,31,9,591,285,353570,Paraíso
6.0,Bauru,3.00,0,6,0,85,1,59,1,24,0,6,1,3,1,1,0,0,0,1,0,1,0,0,0,189,4,353580,Paranapanema
15.0,São José do Rio Preto,5.00,1,5,2,10,2,14,4,12,8,1,1,0,0,0,0,1,0,1,0,1,0,2,1,52,19,353590,Paranapuã
9.0,Marília,90.00,43,294,144,759,337,412,207,228,78,47,9,14,1,14,4,13,1,19,2,12,0,19,2,1921,828,353600,Parapuã
6.0,Bauru,1.00,0,1,1,3,0,0,0,4,1,0,0,1,1,0,0,1,0,0,0,1,0,0,0,12,3,353610,Pardinho
12.0,Registro,0.00,0,0,0,3,0,6,4,5,3,5,0,0,0,0,0,0,0,1,1,0,0,0,0,20,8,353620,Pariquera-Açu
15.0,São José do Rio Preto,6.00,0,4,0,7,0,3,0,2,0,2,0,0,0,0,0,7,0,4,0,2,0,2,0,39,0,353625,Parisi
8.0,Franca,19.00,9,31,4,44,8,76,5,26,4,3,0,0,0,3,0,8,0,2,0,4,1,11,3,227,34,353630,Patrocínio Paulista
11.0,Presidente Prudente,429.00,340,434,350,378,325,213,183,123,98,12,9,7,2,3,0,6,5,3,3,2,1,7,6,1617,1322,353640,Paulicéia
7.0,Campinas,136.00,14,190,56,457,221,386,192,267,77,101,25,61,10,51,8,73,18,95,32,87,23,98,41,2002,717,353650,Paulínia
6.0,Bauru,1.00,1,0,0,2,0,2,1,3,3,0,0,2,1,0,0,0,0,0,0,1,0,0,0,11,6,353657,Paulistânia
15.0,São José do Rio Preto,30.00,15,68,39,61,44,75,47,55,35,19,7,3,1,6,3,1,1,0,0,4,1,2,1,324,194,353660,Paulo de Faria
6.0,Bauru,14.00,3,19,7,150,75,244,155,251,146,67,38,22,7,26,13,22,10,26,5,113,75,227,189,1181,723,353670,Pederneiras
7.0,Campinas,4.00,0,8,1,10,0,5,1,5,0,4,0,0,0,1,0,0,0,0,0,0,0,1,0,38,2,353680,Pedra Bela
15.0,São José do Rio Preto,4.00,0,7,0,7,1,9,3,8,3,2,1,4,2,6,1,3,0,2,0,5,0,1,0,58,11,353690,Pedranópolis
8.0,Franca,0.00,0,9,2,46,4,109,3,55,8,15,1,5,1,3,0,4,1,7,0,16,4,46,12,315,36,353700,Pedregulho
7.0,Campinas,10.00,6,17,6,55,5,53,13,36,15,14,3,12,2,6,1,9,3,15,4,4,0,12,1,243,59,353710,Pedreira
9.0,Marília,2.00,0,4,0,61,19,96,51,64,34,12,4,1,0,3,0,9,0,5,0,1,0,5,0,263,108,353715,Pedrinhas Paulista
12.0,Registro,0.00,0,0,0,1,0,1,0,0,0,1,0,0,0,0,0,0,0,0,0,1,0,2,0,6,0,353720,Pedro de Toledo
2.0,Araçatuba,12.00,2,7,1,47,6,30,7,24,9,4,1,0,0,7,1,14,1,13,1,6,2,8,0,172,31,353730,Penápolis
2.0,Araçatuba,14.00,3,13,3,34,6,39,5,16,6,2,0,1,0,7,0,12,2,9,0,6,0,6,0,159,25,353740,Pereira Barreto
6.0,Bauru,1.00,0,6,2,6,4,10,6,1,0,1,1,1,1,1,0,0,0,0,0,0,0,0,0,27,14,353750,Pereiras
4.0,Baixada Santista,82.00,3,128,2,203,8,200,29,147,35,68,7,41,4,36,3,50,0,57,1,54,1,29,1,1095,94,353760,Peruíbe
2.0,Araçatuba,0.00,0,6,5,25,21,71,67,44,43,10,10,10,10,3,1,4,4,0,0,6,4,0,0,179,165,353770,Piacatu
16.0,Sorocaba,3.00,0,3,0,22,1,34,1,29,3,10,1,8,0,7,0,10,0,4,0,12,0,4,0,146,6,353780,Piedade
16.0,Sorocaba,1.00,0,3,1,4,0,20,10,17,8,6,2,4,1,1,0,1,0,1,0,1,0,2,0,61,22,353790,Pilar do Sul
17.0,Taubaté,112.00,16,200,67,713,294,763,438,698,431,241,160,85,34,54,17,85,25,132,68,239,162,805,710,4127,2422,353800,Pindamonhangaba
15.0,São José do Rio Preto,12.00,0,28,6,59,8,55,16,30,10,15,5,10,2,8,1,14,1,20,1,17,5,25,5,293,60,353810,Pindorama
7.0,Campinas,3.00,0,3,0,9,0,3,0,3,0,1,0,0,0,2,0,2,0,3,0,3,0,2,0,34,0,353820,Pinhalzinho
11.0,Presidente Prudente,15.00,6,54,34,131,88,104,67,10,1,5,0,2,0,3,0,0,0,0,0,7,0,1,0,332,196,353830,Piquerobi
17.0,Taubaté,6.00,1,2,0,30,0,28,1,15,1,3,0,6,0,3,0,13,0,7,0,6,1,16,1,135,5,353850,Piquete
7.0,Campinas,2.00,1,14,6,8,0,7,2,7,0,6,0,0,0,0,0,4,0,7,0,9,1,12,1,76,11,353860,Piracaia
10.0,Piracicaba,468.00,26,831,70,2571,654,3954,1233,3002,690,1183,180,467,30,470,14,424,15,648,8,690,45,742,164,15450,3129,353870,Piracicaba
6.0,Bauru,3.00,0,7,0,36,4,136,54,167,49,41,11,2,1,4,0,3,0,1,0,6,2,5,1,411,122,353880,Piraju
6.0,Bauru,52.00,28,179,98,394,299,295,280,304,286,25,20,11,10,9,6,7,1,7,1,3,0,2,0,1288,1029,353890,Pirajuí
15.0,São José do Rio Preto,9.00,1,24,5,78,38,83,57,125,83,23,16,9,3,2,0,4,0,12,4,20,8,15,0,404,215,353900,Pirangi
1.0,São Paulo,3.00,0,7,0,7,1,2,0,6,0,3,0,0,0,2,1,1,0,2,0,0,0,2,0,35,2,353910,Pirapora do Bom Jesus
11.0,Presidente Prudente,173.00,72,538,345,1513,1013,1192,799,517,290,68,45,17,3,19,3,13,1,13,0,36,0,25,1,4124,2572,353920,Pirapozinho
10.0,Piracicaba,59.00,10,97,10,290,81,291,150,251,146,91,55,33,12,26,4,17,4,14,6,33,23,54,44,1256,545,353930,Pirassununga
6.0,Bauru,13.00,2,43,15,156,77,250,155,85,44,22,9,8,4,1,1,3,0,3,1,3,1,3,1,590,310,353940,Piratininga
13.0,Riberão Preto,29.00,1,45,6,140,30,313,61,155,62,56,19,31,5,18,1,19,1,36,2,19,0,12,0,873,188,353950,Pitangueiras
15.0,São José do Rio Preto,17.00,8,26,3,40,13,32,11,14,4,8,0,5,2,6,2,3,0,10,3,8,2,6,3,175,51,353960,Planalto
9.0,Marília,0.00,0,2,0,86,20,130,31,38,9,11,0,8,1,8,4,3,0,0,0,0,0,0,0,286,65,353970,Platina
1.0,São Paulo,15.00,1,27,3,50,3,56,13,62,21,32,13,7,0,8,2,11,2,12,0,16,1,11,5,307,64,353980,Poá
15.0,São José do Rio Preto,3.00,0,4,0,10,0,11,2,6,0,4,0,1,0,3,0,2,0,1,0,6,0,6,0,57,2,353990,Poloni
9.0,Marília,9.00,8,44,41,101,99,72,60,32,21,7,4,2,1,1,0,2,1,1,0,1,0,0,0,272,235,354000,Pompéia
6.0,Bauru,3.00,3,2,2,8,5,19,18,13,11,2,1,2,2,0,0,0,0,1,0,0,0,1,1,51,43,354010,Pongaí
13.0,Riberão Preto,99.00,24,179,55,505,156,685,243,393,91,134,29,42,4,41,1,40,0,33,2,41,1,37,4,2229,610,354020,Pontal
15.0,São José do Rio Preto,0.00,0,1,0,16,0,22,0,21,1,4,0,5,0,6,0,6,0,10,0,7,0,2,0,100,1,354025,Pontalinda
15.0,São José do Rio Preto,17.00,0,9,0,11,0,7,0,2,0,0,0,2,0,4,0,5,0,3,0,2,0,3,0,65,0,354030,Pontes Gestal
15.0,São José do Rio Preto,1.00,0,5,2,11,3,3,0,5,4,0,0,0,0,0,0,0,0,1,0,0,0,0,0,26,9,354040,Populina
6.0,Bauru,2.00,1,3,1,0,0,1,1,1,0,1,0,3,0,0,0,0,0,2,0,0,0,0,0,13,3,354050,Porangaba
16.0,Sorocaba,137.00,56,460,199,2135,956,2188,1309,863,452,129,39,24,0,15,1,24,1,38,2,32,0,54,5,6099,3020,354060,Porto Feliz
3.0,Araraquara,45.00,2,89,2,115,7,77,13,90,13,36,1,28,1,18,2,15,2,31,1,26,3,24,2,594,49,354070,Porto Ferreira
17.0,Taubaté,220.00,141,456,384,856,688,692,535,497,322,145,78,49,19,33,13,72,26,57,29,37,18,36,4,3150,2257,354075,Potim
15.0,São José do Rio Preto,34.00,14,102,56,199,132,200,147,136,93,55,31,36,20,21,9,19,4,14,4,15,2,15,1,846,513,354080,Potirendaba
9.0,Marília,5.00,1,28,22,220,178,239,225,20,18,3,2,0,0,0,0,0,0,0,0,0,0,0,0,515,446,354085,Pracinha
13.0,Riberão Preto,43.00,29,162,133,498,478,467,453,150,145,33,31,9,5,5,0,6,0,0,0,2,1,0,0,1375,1275,354090,Pradópolis
4.0,Baixada Santista,35.00,3,44,3,70,5,66,17,90,14,38,11,31,7,34,3,47,4,109,17,104,19,72,14,740,117,354100,Praia Grande
6.0,Bauru,1.00,0,2,0,14,0,11,0,46,4,6,0,4,0,4,0,0,0,2,0,1,0,1,0,92,4,354105,Pratânia
6.0,Bauru,1.00,0,15,8,95,45,53,27,3,2,1,1,0,0,2,0,1,0,0,0,1,0,1,0,173,83,354110,Presidente Alves
11.0,Presidente Prudente,257.00,190,626,503,617,555,497,463,58,46,10,4,10,4,9,2,3,0,4,0,2,0,6,0,2099,1767,354120,Presidente Bernardes
11.0,Presidente Prudente,208.00,173,244,218,478,368,195,166,42,28,7,1,2,1,0,0,8,1,5,0,4,0,3,0,1196,956,354130,Presidente Epitácio
11.0,Presidente Prudente,"2,864.00",1960,6980,5305,17413,13493,13247,10462,5508,3897,1080,639,585,42,508,15,531,7,774,14,745,8,599,10,50834,35852,354140,Presidente Prudente
11.0,Presidente Prudente,33.00,15,79,47,137,67,325,215,225,126,40,21,15,6,8,2,12,1,17,3,21,5,10,0,922,508,354150,Presidente Venceslau
6.0,Bauru,17.00,1,39,8,133,30,183,30,144,37,35,4,25,4,11,3,8,2,6,0,7,1,4,0,612,120,354160,Promissão
16.0,Sorocaba,0.00,0,2,0,3,0,0,0,1,0,0,0,2,0,1,0,0,0,0,0,1,0,0,0,10,0,354165,Quadra
11.0,Presidente Prudente,9.00,1,65,6,179,36,206,67,100,33,27,21,2,1,7,1,7,0,4,1,7,2,5,0,618,169,354170,Quatá
9.0,Marília,6.00,3,19,4,40,8,47,21,59,43,10,6,8,0,1,0,2,0,2,2,3,2,1,0,198,89,354180,Queiroz
17.0,Taubaté,3.00,0,7,1,47,11,51,4,14,7,3,0,0,0,1,1,0,0,1,0,0,0,1,0,128,24,354190,Queluz
9.0,Marília,10.00,1,25,10,125,49,175,82,82,34,25,13,3,0,2,0,2,0,5,0,1,0,3,0,458,189,354200,Quintana
10.0,Piracicaba,0.00,0,0,0,12,2,23,7,39,14,8,4,3,0,3,0,4,0,2,0,1,0,0,0,95,27,354210,Rafard
11.0,Presidente Prudente,119.00,39,360,141,1668,756,1870,1484,878,843,46,39,27,4,25,3,21,4,9,1,19,3,5,1,5047,3318,354220,Rancharia
17.0,Taubaté,1.00,0,1,0,3,0,1,0,4,1,2,0,0,0,2,0,3,0,2,0,3,0,2,1,24,2,354230,Redenção da Serra
11.0,Presidente Prudente,115.00,30,263,96,618,199,507,174,324,95,56,11,12,3,13,1,15,0,18,2,25,0,17,1,1983,612,354240,Regente Feijó
6.0,Bauru,3.00,0,10,3,124,37,154,97,166,86,44,17,5,0,0,0,0,0,1,0,1,0,5,1,513,241,354250,Reginópolis
12.0,Registro,1.00,0,3,0,6,3,22,11,68,33,25,7,18,3,20,1,2,1,0,0,2,0,0,0,167,59,354260,Registro
8.0,Franca,3.00,0,2,0,6,2,17,8,18,10,6,3,2,0,1,0,3,0,1,0,10,6,9,6,78,35,354270,Restinga
16.0,Sorocaba,0.00,0,0,0,0,0,0,0,1,0,0,0,1,0,0,0,0,0,0,0,0,0,0,0,2,0,354280,Ribeira
3.0,Araraquara,25.00,2,9,1,27,2,37,5,55,9,9,2,2,0,4,0,6,1,9,0,6,1,5,0,194,23,354290,Ribeirão Bonito
16.0,Sorocaba,1.00,0,1,0,2,0,2,0,0,0,1,0,0,0,0,0,0,0,0,0,1,0,1,0,9,0,354300,Ribeirão Branco
8.0,Franca,1.00,0,2,0,1,0,6,1,3,0,1,0,0,0,0,0,0,0,0,0,0,0,3,2,17,3,354310,Ribeirão Corrente
9.0,Marília,83.00,64,565,452,825,657,200,153,58,31,11,4,1,0,3,0,2,0,2,0,2,0,1,0,1753,1361,354320,Ribeirão do Sul
11.0,Presidente Prudente,4.00,1,16,10,120,115,91,87,0,0,1,0,1,0,0,0,0,0,1,0,0,0,0,0,234,213,354323,Ribeirão dos Índios
16.0,Sorocaba,0.00,0,1,0,1,0,10,0,9,0,2,0,1,0,0,0,0,0,0,0,0,0,0,0,24,0,354325,Ribeirão Grande
1.0,São Paulo,31.00,0,29,1,52,1,53,0,50,2,26,1,8,0,8,0,19,4,11,0,14,0,16,0,317,9,354330,Ribeirão Pires
13.0,Riberão Preto,"1,277.00",394,2002,886,4297,2468,5918,3594,4651,2702,1587,662,851,136,710,87,790,82,812,134,978,302,1323,612,25196,12059,354340,Ribeirão Preto
16.0,Sorocaba,2.00,0,0,0,6,0,5,0,14,2,1,0,0,0,0,0,0,0,0,0,0,0,3,0,31,2,354350,Riversul
8.0,Franca,0.00,0,14,0,6,0,0,0,2,1,1,1,1,0,2,0,0,0,1,0,3,0,0,0,30,2,354360,Rifaina
3.0,Araraquara,31.00,8,69,28,120,50,157,85,75,27,18,5,9,1,11,2,15,0,28,0,14,0,3,0,550,206,354370,Rincão
9.0,Marília,38.00,8,42,16,117,45,79,25,42,7,9,4,1,0,5,0,7,0,7,0,7,0,10,1,364,106,354380,Rinópolis
10.0,Piracicaba,144.00,15,276,46,530,135,719,241,555,167,231,50,142,9,109,5,163,9,168,7,155,5,131,2,3323,691,354390,Rio Claro
10.0,Piracicaba,6.00,0,6,2,46,18,232,64,201,81,42,22,7,2,10,0,6,1,10,0,3,0,3,0,572,190,354400,Rio das Pedras
1.0,São Paulo,13.00,0,4,0,11,1,15,1,13,3,6,0,3,0,1,0,4,0,8,0,3,0,1,0,82,5,354410,Rio Grande da Serra
15.0,São José do Rio Preto,4.00,0,25,1,12,0,5,0,19,1,7,0,8,1,8,0,10,0,2,0,7,2,6,0,113,5,354420,Riolândia
11.0,Presidente Prudente,176.00,75,342,153,823,712,1002,855,462,361,151,120,50,39,35,25,22,1,22,1,28,2,18,0,3131,2344,354425,Rosana
17.0,Taubaté,5.00,3,8,1,44,5,50,10,37,6,17,7,16,3,5,2,9,8,13,10,15,0,13,9,232,64,354430,Roseira
2.0,Araçatuba,16.00,16,14,11,17,13,35,35,13,11,1,0,1,0,1,0,3,2,2,0,0,0,2,1,105,89,354440,Rubiácea
15.0,São José do Rio Preto,5.00,0,1,0,3,0,14,0,10,0,2,0,2,0,0,0,1,0,0,0,5,1,2,0,45,1,354450,Rubinéia
6.0,Bauru,1.00,1,1,0,8,4,18,13,10,8,1,1,0,0,0,0,0,0,0,0,0,0,0,0,39,27,354460,Sabino
9.0,Marília,36.00,27,108,74,253,205,185,161,63,47,0,0,0,0,0,0,7,6,3,0,0,0,0,0,655,520,354470,Sagres
15.0,São José do Rio Preto,4.00,0,5,1,26,2,29,13,29,21,11,10,5,3,9,8,13,4,6,3,18,6,15,12,170,83,354480,Sales
8.0,Franca,52.00,22,174,64,208,53,62,15,44,5,9,1,1,1,1,0,0,0,0,0,5,0,0,0,556,161,354490,Sales Oliveira
1.0,São Paulo,4.00,0,1,0,3,0,1,0,1,0,0,0,1,0,0,0,1,0,2,0,0,0,1,0,15,0,354500,Salesópolis
9.0,Marília,125.00,91,235,200,189,144,122,90,21,14,1,1,0,0,0,0,1,0,2,0,12,2,3,0,711,542,354510,Salmourão
10.0,Piracicaba,25.00,0,15,0,69,3,78,16,85,23,33,2,7,0,10,0,12,0,16,0,15,0,6,0,371,44,354515,Saltinho
16.0,Sorocaba,63.00,4,238,64,1024,368,1582,674,1245,523,499,126,136,13,92,7,89,2,101,6,57,3,67,6,5193,1796,354520,Salto
16.0,Sorocaba,13.00,0,17,0,81,0,227,22,182,22,50,7,14,0,12,0,14,0,19,0,14,0,16,0,659,51,354530,Salto de Pirapora
9.0,Marília,265.00,189,645,562,568,541,304,295,88,86,10,8,2,1,1,0,2,1,1,0,1,0,1,0,1888,1683,354540,Salto Grande
11.0,Presidente Prudente,11.00,5,54,42,324,260,388,309,128,87,16,8,5,3,1,1,3,0,2,2,9,1,3,0,944,718,354550,Sandovalina
15.0,São José do Rio Preto,72.00,42,123,73,319,183,185,123,115,78,20,10,5,2,7,1,3,0,10,1,8,1,12,0,879,514,354560,Santa Adélia
15.0,São José do Rio Preto,4.00,0,6,2,6,0,10,1,10,3,6,4,11,3,7,3,12,8,5,0,2,2,1,0,80,26,354570,Santa Albertina
7.0,Campinas,181.00,40,419,67,1049,211,1335,251,1163,196,474,56,217,25,196,18,157,16,110,14,124,23,59,10,5484,927,354580,Santa Bárbara d'Oeste
17.0,Taubaté,3.00,0,0,0,9,2,19,2,43,9,14,1,3,0,6,0,2,0,3,0,4,0,3,0,109,14,354600,Santa Branca
15.0,São José do Rio Preto,2.00,0,3,0,5,0,5,0,2,0,0,0,0,0,0,0,1,0,1,0,2,0,0,0,21,0,354610,Santa Clara d'Oeste
10.0,Piracicaba,1.00,0,4,1,12,1,6,0,5,0,6,1,1,0,2,0,3,0,1,0,2,0,0,0,43,3,354620,Santa Cruz da Conceição
13.0,Riberão Preto,6.00,2,10,2,30,6,47,5,27,5,10,3,7,1,0,0,0,0,0,0,1,0,0,0,138,24,354625,Santa Cruz da Esperança
14.0,São João da Boa Vista,20.00,0,19,3,31,16,49,27,71,50,15,9,0,0,7,6,1,0,4,4,14,3,8,5,239,123,354630,Santa Cruz das Palmeiras
9.0,Marília,79.00,39,240,76,719,438,1422,1204,630,547,88,77,12,7,10,2,11,0,9,0,13,0,11,1,3244,2391,354640,Santa Cruz do Rio Pardo
3.0,Araraquara,49.00,32,189,122,512,345,334,209,203,97,39,24,0,0,1,0,4,0,7,1,8,2,11,1,1357,833,354650,Santa Ernestina
15.0,São José do Rio Preto,12.00,1,24,14,60,29,94,44,55,17,13,4,9,3,14,3,7,1,15,2,4,0,8,0,315,118,354660,Santa Fé do Sul
10.0,Piracicaba,21.00,0,45,1,76,2,102,18,88,12,46,4,22,2,27,0,28,2,35,0,24,0,22,1,536,42,354670,Santa Gertrudes
1.0,São Paulo,15.00,2,14,3,44,5,51,8,19,3,3,0,3,0,2,0,4,0,2,0,4,0,4,0,165,21,354680,Santa Isabel
3.0,Araraquara,1.00,0,12,1,10,2,21,6,7,3,3,0,1,0,1,0,0,0,1,0,1,0,0,0,58,12,354690,Santa Lúcia
10.0,Piracicaba,0.00,0,3,2,84,39,240,114,150,45,78,15,25,0,4,0,7,0,0,0,3,1,0,0,594,216,354700,Santa Maria da Serra
11.0,Presidente Prudente,60.00,25,93,37,260,107,262,258,68,68,11,11,0,0,0,0,0,0,0,0,0,0,0,0,754,506,354710,Santa Mercedes
15.0,São José do Rio Preto,1.00,1,4,3,3,2,5,0,1,0,2,1,0,0,2,1,2,0,2,2,5,2,1,0,28,12,354720,Santana da Ponte Pensa
1.0,São Paulo,20.00,6,39,9,92,15,64,12,67,9,39,3,29,3,10,0,21,4,26,2,14,1,10,1,431,65,354730,Santana de Parnaíba
15.0,São José do Rio Preto,4.00,0,7,0,12,1,8,0,9,0,2,0,0,0,0,0,0,0,0,0,1,1,4,0,47,2,354740,Santa Rita d'Oeste
13.0,Riberão Preto,6.00,2,9,0,28,7,24,15,11,5,3,1,0,0,0,0,5,0,2,1,0,0,2,1,90,32,354750,Santa Rita do Passa Quatro
13.0,Riberão Preto,37.00,16,50,19,139,64,126,48,53,18,15,1,8,1,5,0,5,0,15,0,5,0,10,1,468,168,354760,Santa Rosa de Viterbo
15.0,São José do Rio Preto,10.00,0,5,0,33,0,11,1,8,0,0,0,2,0,1,0,0,0,2,0,4,0,10,0,86,1,354765,Santa Salete
11.0,Presidente Prudente,120.00,96,442,361,559,472,257,208,68,42,6,0,6,0,2,0,4,2,3,1,7,1,6,1,1480,1184,354770,Santo Anastácio
1.0,São Paulo,66.00,9,87,13,136,40,176,64,148,31,72,11,38,8,32,2,47,7,64,2,38,6,30,4,934,197,354780,Santo André
13.0,Riberão Preto,2.00,0,5,0,35,1,31,14,54,19,3,0,2,1,0,0,1,0,2,0,1,0,3,1,139,36,354790,Santo Antônio da Alegria
7.0,Campinas,13.00,2,18,2,47,3,67,5,43,2,15,2,11,5,15,0,11,2,21,1,22,0,14,1,297,25,354800,Santo Antônio de Posse
2.0,Araçatuba,7.00,1,5,0,25,0,16,7,15,1,1,0,5,1,7,0,7,0,12,3,9,1,4,0,113,14,354805,Santo Antônio do Aracanguá
14.0,São João da Boa Vista,0.00,0,0,0,5,1,4,0,1,1,3,0,1,0,2,1,1,0,1,0,0,0,0,0,18,3,354810,Santo Antônio do Jardim
17.0,Taubaté,0.00,0,0,0,1,0,4,1,0,0,2,0,0,0,0,0,1,0,2,0,2,1,2,0,14,2,354820,Santo Antônio do Pinhal
11.0,Presidente Prudente,22.00,12,36,18,65,26,37,29,31,13,6,3,1,0,1,0,1,0,2,0,5,0,3,1,210,102,354830,Santo Expedito
2.0,Araçatuba,1.00,0,5,4,160,40,206,91,51,24,13,2,2,2,0,0,2,0,2,0,0,0,1,1,443,164,354840,Santópolis do Aguapeí
4.0,Baixada Santista,260.00,10,293,19,506,30,372,31,354,53,213,35,111,21,154,71,208,107,212,111,169,92,131,19,2983,599,354850,Santos
17.0,Taubaté,0.00,0,0,0,2,0,1,0,0,0,1,0,1,0,0,0,2,0,1,0,1,0,0,0,9,0,354860,São Bento do Sapucaí
1.0,São Paulo,91.00,0,99,2,193,11,247,12,202,4,96,0,79,1,67,0,77,1,69,1,78,1,93,4,1391,37,354870,São Bernardo do Campo
1.0,São Paulo,28.00,1,19,0,38,9,59,10,41,4,15,2,11,0,14,0,16,0,7,0,10,0,9,1,267,27,354880,São Caetano do Sul
3.0,Araraquara,142.00,25,199,41,442,112,686,168,630,140,290,35,167,13,158,21,211,21,304,24,269,16,188,8,3686,624,354890,São Carlos
15.0,São José do Rio Preto,8.00,1,11,0,14,0,16,1,10,1,2,0,2,0,0,0,6,1,2,0,0,0,2,1,73,5,354900,São Francisco
14.0,São João da Boa Vista,64.00,5,40,11,77,20,170,72,211,64,76,13,48,11,32,4,39,1,65,6,42,3,31,2,895,212,354910,São João da Boa Vista
15.0,São José do Rio Preto,0.00,0,5,0,22,3,7,4,6,2,1,1,2,0,3,0,3,0,4,0,2,0,0,0,55,10,354920,São João das Duas Pontes
15.0,São José do Rio Preto,2.00,0,5,0,11,0,20,1,2,0,1,0,2,0,1,0,1,0,1,0,1,0,2,0,49,1,354925,São João de Iracema
11.0,Presidente Prudente,51.00,33,94,54,189,126,230,177,86,66,20,11,1,1,2,1,0,0,0,0,0,0,0,0,673,469,354930,São João do Pau d'Alho
8.0,Franca,85.00,15,247,55,616,174,678,145,257,55,54,10,5,0,2,0,22,3,73,4,59,5,72,9,2170,475,354940,São Joaquim da Barra
8.0,Franca,1.00,0,4,0,2,0,5,3,3,1,1,1,0,0,4,2,1,0,3,2,100,65,58,30,182,104,354950,São José da Bela Vista
17.0,Taubaté,0.00,0,1,0,0,0,2,0,1,0,2,0,0,0,0,0,0,0,0,0,1,0,2,0,9,0,354960,São José do Barreiro
14.0,São João da Boa Vista,7.00,3,7,5,25,16,25,14,36,27,18,14,5,2,8,2,15,3,8,4,4,0,3,2,161,92,354970,São José do Rio Pardo
15.0,São José do Rio Preto,"1,398.00",760,1588,880,3167,1849,3031,1964,2004,1307,913,569,668,354,697,379,691,382,743,431,743,444,747,377,16390,9696,354980,São José do Rio Preto
17.0,Taubaté,574.00,20,818,78,1910,239,1818,198,1866,170,957,43,603,16,579,12,810,15,902,16,732,20,830,59,12399,886,354990,São José dos Campos
1.0,São Paulo,1.00,0,0,0,1,0,0,0,0,0,0,0,0,0,0,0,0,0,0,0,1,0,0,0,3,0,354995,São Lourenço da Serra
17.0,Taubaté,0.00,0,2,0,6,0,4,1,9,2,1,0,2,0,2,0,2,0,2,0,3,0,2,0,35,3,355000,São Luís do Paraitinga
6.0,Bauru,3.00,0,20,3,76,11,166,56,118,25,31,4,9,2,19,1,10,1,20,0,19,6,30,12,521,121,355010,São Manuel
16.0,Sorocaba,7.00,1,2,0,10,1,10,1,6,1,3,1,3,0,0,0,2,0,1,0,0,0,1,0,45,5,355020,São Miguel Arcanjo
1.0,São Paulo,"3,712.00",489,5209,749,9961,2235,11402,3825,11191,2986,4757,904,2678,353,2560,304,2748,313,3140,348,3158,403,3786,734,64302,13643,355030,São Paulo
10.0,Piracicaba,36.00,2,26,0,66,4,43,7,28,3,17,1,3,0,3,0,6,0,10,0,16,1,9,2,263,20,355040,São Pedro
9.0,Marília,9.00,1,55,25,268,170,407,330,329,268,78,58,4,1,4,1,5,1,11,1,23,0,6,0,1199,856,355050,São Pedro do Turvo
16.0,Sorocaba,5.00,0,9,2,49,12,91,18,102,27,44,2,10,0,4,0,9,0,10,0,8,0,11,0,352,61,355060,São Roque
17.0,Taubaté,248.00,25,232,14,407,90,580,226,695,272,348,85,225,43,175,12,215,12,247,7,253,9,191,18,3816,813,355070,São Sebastião
14.0,São João da Boa Vista,0.00,0,2,0,7,1,7,1,27,2,5,0,3,1,0,0,2,0,3,0,1,0,6,0,63,5,355080,São Sebastião da Grama
13.0,Riberão Preto,5.00,1,43,4,49,6,66,11,50,13,10,1,9,0,3,0,4,0,8,0,11,0,9,0,267,36,355090,São Simão
4.0,Baixada Santista,100.00,13,96,19,169,29,112,28,107,26,59,16,40,12,44,14,71,12,79,30,74,25,51,15,1002,239,355100,São Vicente
16.0,Sorocaba,1.00,0,3,0,10,0,15,0,18,0,8,0,0,0,1,0,4,0,3,0,1,0,1,0,65,0,355110,Sarapuí
6.0,Bauru,1.00,1,0,0,5,5,3,3,13,11,7,7,2,1,0,0,4,4,4,3,0,0,0,0,39,35,355120,Sarutaiá
15.0,São José do Rio Preto,8.00,0,5,2,18,2,11,3,10,1,0,0,1,0,4,1,1,0,0,0,2,0,1,0,61,9,355130,Sebastianópolis do Sul
13.0,Riberão Preto,12.00,2,72,24,159,46,158,53,168,29,68,7,19,1,21,1,19,0,23,1,21,0,16,1,756,165,355140,Serra Azul
13.0,Riberão Preto,24.00,3,269,26,593,103,459,93,138,46,21,7,4,1,9,0,10,0,13,1,6,0,7,4,1553,284,355150,Serrana
7.0,Campinas,3.00,0,9,0,11,1,17,1,20,1,7,1,4,0,1,0,2,0,3,0,2,0,2,1,81,5,355160,Serra Negra
13.0,Riberão Preto,100.00,4,146,4,226,19,293,21,233,20,111,6,71,0,82,1,78,1,97,1,81,1,69,1,1587,79,355170,Sertãozinho
12.0,Registro,2.00,0,1,0,5,1,49,8,39,4,19,8,2,0,6,0,8,2,9,2,19,4,41,15,200,44,355180,Sete Barras
5.0,Barretos,42.00,3,14,2,41,12,96,26,105,38,32,15,7,0,7,0,3,1,3,1,1,0,7,0,358,98,355190,Severínia
17.0,Taubaté,0.00,0,0,0,0,0,0,0,0,0,0,0,0,0,0,0,3,1,0,0,0,0,0,0,3,1,355200,Silveiras
7.0,Campinas,3.00,0,9,0,13,0,21,1,18,1,16,4,6,0,7,0,11,1,10,0,6,0,5,0,125,7,355210,Socorro
16.0,Sorocaba,615.00,18,1158,100,4265,693,6665,1996,5548,1303,1992,310,886,69,698,17,992,8,1246,5,930,14,844,45,25839,4578,355220,Sorocaba
2.0,Araçatuba,32.00,1,17,0,40,2,61,1,39,2,7,0,6,0,5,0,3,0,5,0,12,1,5,0,232,7,355230,Sud Mennucci
7.0,Campinas,159.00,6,228,25,639,166,735,284,465,163,192,41,100,9,60,5,94,5,133,4,93,9,57,7,2955,724,355240,Sumaré
1.0,São Paulo,41.00,5,55,6,130,48,207,142,210,132,96,54,45,22,32,12,56,23,53,16,50,19,52,17,1027,496,355250,Suzano
2.0,Araçatuba,11.00,0,14,1,25,3,20,0,21,1,0,0,0,0,0,0,1,0,2,0,0,0,1,0,95,5,355255,Suzanápolis
15.0,São José do Rio Preto,5.00,1,15,0,31,2,38,29,30,19,15,6,5,3,9,0,6,0,5,0,7,1,6,4,172,65,355260,Tabapuã
3.0,Araraquara,264.00,193,701,568,495,442,390,360,61,58,14,11,3,1,10,6,0,0,2,1,9,3,24,1,1973,1644,355270,Tabatinga
1.0,São Paulo,32.00,1,26,0,56,11,56,12,49,4,32,4,14,4,14,2,19,1,28,1,31,3,28,0,385,43,355280,Taboão da Serra
11.0,Presidente Prudente,31.00,4,39,13,86,74,146,124,118,56,28,12,9,1,6,0,8,0,2,0,2,0,0,0,475,284,355290,Taciba
6.0,Bauru,0.00,0,1,0,5,0,28,3,36,5,9,1,1,0,1,0,0,0,0,0,3,0,0,0,84,9,355300,Taguaí
5.0,Barretos,2.00,0,2,0,13,3,21,5,25,9,5,1,1,0,0,0,0,0,2,0,0,0,3,0,74,18,355310,Taiaçu
5.0,Barretos,4.00,1,9,4,29,11,15,10,20,5,1,0,1,1,1,0,1,1,2,2,0,0,2,0,85,35,355320,Taiúva
14.0,São João da Boa Vista,7.00,2,5,1,70,22,97,55,97,39,26,7,8,3,7,2,11,0,6,0,2,0,6,1,342,132,355330,Tambaú
15.0,São José do Rio Preto,46.00,3,56,4,137,19,86,14,37,9,16,3,12,2,14,2,23,3,49,7,52,4,33,10,561,80,355340,Tanabi
16.0,Sorocaba,0.00,0,0,0,0,0,2,0,1,0,1,0,1,0,0,0,0,0,2,0,1,0,1,0,9,0,355350,Tapiraí
14.0,São João da Boa Vista,0.00,0,0,0,2,1,0,0,1,1,2,1,0,0,0,0,0,0,1,0,0,0,1,0,7,3,355360,Tapiratiba
5.0,Barretos,1.00,0,5,0,8,1,2,0,0,0,2,1,0,0,0,0,0,0,0,0,0,0,3,0,21,2,355365,Taquaral
3.0,Araraquara,"1,448.00",1037,3242,2461,2645,2106,973,818,483,132,168,29,41,5,6,1,6,0,7,1,10,3,6,2,9035,6595,355370,Taquaritinga
6.0,Bauru,1.00,0,1,0,9,0,38,6,33,7,5,1,1,0,0,0,0,0,1,0,2,0,1,0,92,14,355380,Taquarituba
16.0,Sorocaba,0.00,0,1,0,3,0,0,0,0,0,1,0,0,0,0,0,1,0,2,0,0,0,0,0,8,0,355385,Taquarivaí
11.0,Presidente Prudente,204.00,143,422,335,517,426,274,213,101,75,9,5,4,0,1,0,3,0,5,1,4,1,7,0,1551,1199,355390,Tarabaí
9.0,Marília,23.00,1,30,5,56,27,268,102,223,3,47,0,5,0,11,1,3,0,4,0,12,0,8,0,690,139,355395,Tarumã
16.0,Sorocaba,157.00,2,275,2,714,2,350,3,296,4,113,2,62,1,65,3,83,1,129,2,112,2,96,1,2452,25,355400,Tatuí
17.0,Taubaté,325.00,22,522,54,1167,231,1617,461,1911,408,733,129,364,39,349,22,548,26,574,17,494,50,595,123,9199,1582,355410,Taubaté
6.0,Bauru,0.00,0,0,0,0,0,3,2,4,1,0,0,1,1,0,0,0,0,0,0,0,0,0,0,8,4,355420,Tejupá
11.0,Presidente Prudente,138.00,11,164,31,356,74,405,135,321,87,78,18,49,7,43,1,46,4,88,0,87,0,65,1,1840,369,355430,Teodoro Sampaio
5.0,Barretos,8.00,6,25,18,32,10,19,11,10,5,7,6,3,2,0,0,3,0,2,0,1,0,0,0,110,58,355440,Terra Roxa
16.0,Sorocaba,30.00,2,104,19,347,111,486,211,405,110,55,22,24,6,16,1,25,1,26,2,24,0,16,0,1558,485,355450,Tietê
9.0,Marília,1.00,1,0,0,4,0,2,1,1,1,0,0,0,0,0,0,0,0,0,0,0,0,0,0,8,3,355460,Timburi
6.0,Bauru,0.00,0,0,0,0,0,2,0,1,0,0,0,0,0,0,0,0,0,0,0,0,0,0,0,3,0,355465,Torre de Pedra
6.0,Bauru,0.00,0,2,0,21,14,63,60,79,77,12,12,0,0,1,1,3,0,3,2,1,1,0,0,185,167,355470,Torrinha
3.0,Araraquara,12.00,2,11,2,41,16,94,39,62,15,3,1,0,0,1,1,2,1,2,0,1,0,6,1,235,78,355475,Trabiju
17.0,Taubaté,37.00,15,113,59,228,104,245,84,238,69,134,27,66,10,55,3,62,0,79,7,94,21,188,95,1539,494,355480,Tremembé
15.0,São José do Rio Preto,1.00,0,5,0,6,0,1,0,0,0,4,0,0,0,0,0,1,0,3,0,2,1,2,0,25,1,355490,Três Fronteiras
7.0,Campinas,0.00,0,1,0,7,0,6,1,1,0,0,0,3,0,0,0,0,0,1,1,1,0,0,0,20,2,355495,Tuiuti
9.0,Marília,208.00,85,447,276,1808,1130,2114,1476,1477,926,320,179,100,38,71,25,70,23,71,17,66,20,52,20,6804,4215,355500,Tupã
11.0,Presidente Prudente,297.00,248,393,346,429,336,212,146,90,64,17,12,7,4,8,5,13,10,9,4,4,1,1,0,1480,1176,355510,Tupi Paulista
2.0,Araçatuba,1.00,1,3,1,1,1,2,2,0,0,0,0,0,0,1,1,0,0,0,0,0,0,0,0,8,6,355520,Turiúba
15.0,São José do Rio Preto,0.00,0,0,0,5,2,1,0,9,3,4,0,2,0,7,0,0,0,0,0,4,2,2,0,34,7,355530,Turmalina
15.0,São José do Rio Preto,9.00,2,15,0,54,2,18,0,4,0,1,0,1,0,9,0,13,1,6,1,2,0,1,0,133,6,355535,Ubarana
17.0,Taubaté,142.00,2,276,11,557,71,601,130,449,139,331,112,219,64,202,36,218,18,291,24,302,47,499,165,4087,819,355540,Ubatuba
9.0,Marília,0.00,0,6,0,13,6,9,8,17,13,2,2,2,1,0,0,1,0,0,0,1,1,0,0,51,31,355550,Ubirajara
15.0,São José do Rio Preto,30.00,5,31,4,69,10,50,13,33,15,14,1,9,2,13,0,17,3,14,5,11,0,14,2,305,60,355560,Uchoa
15.0,São José do Rio Preto,0.00,0,14,0,2,1,10,0,0,0,2,0,0,0,1,0,4,0,1,1,3,0,1,0,38,2,355570,União Paulista
15.0,São José do Rio Preto,14.00,0,9,2,27,6,38,0,14,2,4,2,5,1,6,0,12,1,4,1,4,1,6,1,143,17,355580,Urânia
6.0,Bauru,1.00,1,0,0,13,11,33,29,12,12,0,0,0,0,3,0,0,0,1,0,0,0,0,0,63,53,355590,Uru
15.0,São José do Rio Preto,5.00,1,6,1,20,7,18,5,14,3,7,4,2,0,2,1,2,0,6,1,8,1,8,1,98,25,355600,Urupês
15.0,São José do Rio Preto,11.00,0,20,1,31,2,28,1,11,0,4,0,3,1,9,0,10,0,8,0,11,0,19,2,165,7,355610,Valentim Gentil
7.0,Campinas,99.00,3,186,11,625,213,683,155,600,47,223,9,146,4,163,0,132,0,169,1,173,1,179,24,3378,468,355620,Valinhos
2.0,Araçatuba,43.00,3,35,0,126,20,184,24,108,16,45,10,16,2,13,2,6,2,11,2,10,1,8,0,605,82,355630,Valparaíso
7.0,Campinas,0.00,0,0,0,2,1,5,0,4,1,1,0,2,0,0,0,2,0,0,0,0,0,0,0,16,2,355635,Vargem
14.0,São João da Boa Vista,2.00,0,6,0,42,14,171,68,214,99,100,42,13,0,20,5,17,4,4,0,8,0,8,6,605,238,355640,Vargem Grande do Sul
1.0,São Paulo,3.00,0,14,1,13,2,12,2,8,0,0,0,2,0,4,0,2,0,7,0,2,0,6,0,73,5,355645,Vargem Grande Paulista
7.0,Campinas,49.00,11,82,21,174,71,279,124,226,76,91,27,40,4,36,7,31,8,45,6,48,12,46,19,1147,386,355650,Várzea Paulista
9.0,Marília,7.00,0,7,1,42,6,63,14,66,10,16,5,6,2,6,0,10,0,4,1,8,3,9,1,244,43,355660,Vera Cruz
7.0,Campinas,58.00,1,103,3,207,28,262,40,234,31,107,8,66,0,81,3,82,0,97,2,70,1,61,2,1428,119,355670,Vinhedo
5.0,Barretos,164.00,108,634,432,788,712,235,217,94,89,36,22,26,7,15,3,0,0,3,1,5,2,18,1,2018,1594,355680,Viradouro
5.0,Barretos,6.00,1,33,14,105,60,238,169,150,126,5,4,0,0,1,0,0,0,5,1,3,0,0,0,546,375,355690,Vista Alegre do Alto
15.0,São José do Rio Preto,0.00,0,1,0,2,0,11,1,5,0,0,0,0,0,1,0,0,0,0,0,2,0,0,0,22,1,355695,Vitória Brasil
16.0,Sorocaba,231.00,89,767,260,2202,921,2409,1080,1551,570,432,93,160,13,133,2,155,5,209,6,195,26,224,66,8668,3131,355700,Votorantim
15.0,São José do Rio Preto,383.00,59,512,149,865,225,587,171,443,99,221,49,141,22,165,20,174,21,258,60,329,91,363,140,4441,1106,355710,Votuporanga
15.0,São José do Rio Preto,4.00,0,7,0,4,0,2,0,3,0,3,0,1,0,0,0,1,1,1,0,1,0,2,0,29,1,355715,Zacarias
9.0,Marília,3.00,2,5,3,121,66,83,61,9,8,12,11,10,4,4,1,0,0,3,0,6,1,1,0,257,157,355720,Chavantes
14.0,São João da Boa Vista,17.00,5,72,42,214,84,144,74,96,34,11,5,9,1,3,1,7,2,11,4,8,0,1,0,593,252,355730,Estiva Gerbi
,,,0,0,0,0,0,0,0,0,0,0,0,0,0,0,0,0,0,0,0,0,0,0,0,0,0,,
